✅ CUDA paths set: CUDA_HOME=/usr/local/cuda-11.4
   LD_LIBRARY_PATH includes: /usr/local/lib
   PYTHONPATH includes: /usr/local/lib/python3.8/site-packages/
✅ CUDA paths set: CUDA_HOME=/usr/local/cuda-11.4
   LD_LIBRARY_PATH includes: /usr/local/lib
   PYTHONPATH includes: /usr/local/lib/python3.8/site-packages/
📦 กำลังโหลด Configuration...
✅ CUDA paths set: CUDA_HOME=/usr/local/cuda-11.4
   LD_LIBRARY_PATH includes: /usr/local/lib
   PYTHONPATH includes: /usr/local/lib/python3.8/site-packages/
✅ Harvesters imported successfully
✅ Ultralytics YOLO imported successfully
✅ CUDA paths set: CUDA_HOME=/usr/local/cuda-11.4
   LD_LIBRARY_PATH includes: /usr/local/lib
   PYTHONPATH includes: /usr/local/lib/python3.8/site-packages/
⚠️ Bottle YOLO model using CPU (torchvision NMS doesn't support CUDA)
✅ CUDA paths set: CUDA_HOME=/usr/local/cuda-11.4
   LD_LIBRARY_PATH includes: /usr/local/lib
   PYTHONPATH includes: /usr/local/lib/python3.8/site-packages/
✅ Ultralytics (YOLOv8) available
✅ ONNX Runtime available
✅ CUDA paths set: CUDA_HOME=/usr/local/cuda-11.4
   LD_LIBRARY_PATH includes: /usr/local/lib
   PYTHONPATH includes: /usr/local/lib/python3.8/site-packages/
✅ CUDA paths set: CUDA_HOME=/usr/local/cuda-11.4
   LD_LIBRARY_PATH includes: /usr/local/lib
   PYTHONPATH includes: /usr/local/lib/python3.8/site-packages/
✅ CUDA paths set: CUDA_HOME=/usr/local/cuda-11.4
   LD_LIBRARY_PATH includes: /usr/local/lib
   PYTHONPATH includes: /usr/local/lib/python3.8/site-packages/
✅ CRAFT modules imported successfully
✅ CUDA paths set: CUDA_HOME=/usr/local/cuda-11.4
   LD_LIBRARY_PATH includes: /usr/local/lib
   PYTHONPATH includes: /usr/local/lib/python3.8/site-packages/
✅ Deep-text-recognition modules imported successfully
✅ Cap detection modules imported successfully
✅ Applied PIL ANTIALIAS compatibility fix
📦 กำลังโหลด Core Modules...
✅ CUDA paths set: CUDA_HOME=/usr/local/cuda-11.4
   LD_LIBRARY_PATH includes: /usr/local/lib
   PYTHONPATH includes: /usr/local/lib/python3.8/site-packages/
✅ Successfully imported USBCamera from libs.camera.usbcamra
✅ CUDA paths set: CUDA_HOME=/usr/local/cuda-11.4
   LD_LIBRARY_PATH includes: /usr/local/lib
   PYTHONPATH includes: /usr/local/lib/python3.8/site-packages/
✅ EasyOCR initialized with GPU: True
✅ CUDA paths set: CUDA_HOME=/usr/local/cuda-11.4
   LD_LIBRARY_PATH includes: /usr/local/lib
   PYTHONPATH includes: /usr/local/lib/python3.8/site-packages/
📦 กำลังโหลด GUI Modules...
✅ CUDA paths set: CUDA_HOME=/usr/local/cuda-11.4
   LD_LIBRARY_PATH includes: /usr/local/lib
   PYTHONPATH includes: /usr/local/lib/python3.8/site-packages/
✅ CUDA paths set: CUDA_HOME=/usr/local/cuda-11.4
   LD_LIBRARY_PATH includes: /usr/local/lib
   PYTHONPATH includes: /usr/local/lib/python3.8/site-packages/
📦 กำลังเตรียมหน้าต่างหลัก...
🚀 Detected Jetson - Enabling fullscreen support
🔄 TASTE SELECTION: Hiding taste selection checkboxes
🔄 EXPIRY FILTER: Hiding range date selection
🔄 EXPIRY FILTER: Hiding specific date selection
🔄 EXPIRY FILTER: Hiding expiry filter controls
✅ Jetson keyboard shortcuts configured
   F11: Toggle fullscreen
   Escape: Exit fullscreen
   Ctrl+Q: Exit application
✅ โปรแกรมพร้อมใช้งาน!
🔍 กำลังตรวจสอบความละเอียดสูงสุดที่กล้องรองรับ...
  ⚠️ 3840x2160 - ได้ 3264x2448 (ไม่ตรง)
  ⚠️ 2560x1440 - ได้ 2048x1536 (ไม่ตรง)
✅ ตั้งค่าความละเอียดสำเร็จ: 1920x1080
✅ เปิดกล้อง USB สำเร็จ! (Jetson Platform - V4L2)
📐 ขนาดที่รายงาน: 1920x1080
⚡ เฟรมเรท: 30.0 FPS
📐 ขนาดจริง: 1920x1080
⚡ FPS จริงจากการทดสอบ: 13.5
⚠️ FPS ต่ำ - ลองปรับการตั้งค่ากล้องหรือ driver
📸 ความละเอียด: 2K หรือสูงกว่า (ชัดมาก)
🔧 Initializing SENTECH camera with Harvesters...✅ USB Camera initialized successfully

✅ Found 1 SENTECH device(s)
✅ Camera configured successfully
✅ SENTECH camera initialized with Harvesters
🚀 PyTorch CUDA enabled - using GPU: Xavier✅ SENTECH camera initialized successfully with Harvesters

✅ YOLOv8 model loaded successfully from: /home/nvidia/Desktop/final_boss/backupsdcard/final/models/detection/cap.pt
⚠️ Using CPU for YOLO model (torchvision NMS doesn't support CUDA on this system)
Model summary: 170 layers, 25,856,899 parameters, 0 gradients, 79.1 GFLOPs
Model info: (170, 25856899, 0, 79.0656)
🚀 PyTorch CUDA enabled - using GPU: Xavier
🔧 CRAFT modules not imported yet, importing now...
🔧 Importing CRAFT modules...
✅ vgg16_bn imported successfully
✅ CRAFT imported with vgg16_bn injection
✅ CRAFT modules imported successfully
✅ CRAFT class: <class 'craft.CRAFT'>
✅ vgg16_bn class: <class 'vgg16_bn.vgg16_bn'>
🔧 Creating CRAFT model...
✅ CRAFT model created successfully
⚠️ Could not initialize weights: 'Conv2d' object is not iterable
   Continuing without weight initialization...
Loading main model weights from checkpoint (/home/nvidia/Desktop/final_boss/backupsdcard/final/external/CRAFT-pytorch/craft_mlt_25k.pth)
✅ Model weights loaded successfully
✓ Main model loaded successfully from: /home/nvidia/Desktop/final_boss/backupsdcard/final/external/CRAFT-pytorch/craft_mlt_25k.pth
Loading refiner weights from checkpoint (/home/nvidia/Desktop/final_boss/backupsdcard/final/external/CRAFT-pytorch/craft_refiner_CTW1500.pth)
✓ Refiner model loaded successfully from: /home/nvidia/Desktop/final_boss/backupsdcard/final/external/CRAFT-pytorch/craft_refiner_CTW1500.pth
🚀 PyTorch CUDA enabled - using GPU: Xavier
Loading rotation model from /home/nvidia/Desktop/final_boss/backupsdcard/final/models/rotation/text_rotation_model.pth...
Using torchvision's EfficientNet-B0 architecture.
✅ Rotation model loaded successfully.
🚀 PyTorch CUDA enabled - using GPU: Xavier
🔧 Creating CRAFT model...
✅ CRAFT model created successfully
⚠️ Could not initialize weights: 'Conv2d' object is not iterable
   Continuing without weight initialization...
Loading main model weights from checkpoint (/home/nvidia/Desktop/final_boss/backupsdcard/final/external/CRAFT-pytorch/craft_mlt_25k.pth)
✅ Model weights loaded successfully
✓ Main model loaded successfully from: /home/nvidia/Desktop/final_boss/backupsdcard/final/external/CRAFT-pytorch/craft_mlt_25k.pth
Loading refiner weights from checkpoint (/home/nvidia/Desktop/final_boss/backupsdcard/final/external/CRAFT-pytorch/craft_refiner_CTW1500.pth)
✓ Refiner model loaded successfully from: /home/nvidia/Desktop/final_boss/backupsdcard/final/external/CRAFT-pytorch/craft_refiner_CTW1500.pth
✅ CRAFT detector initialized successfully
🚀 PyTorch CUDA enabled - using GPU: Xavier
Loading CRAFT model from /home/nvidia/Desktop/final_boss/backupsdcard/final/external/CRAFT-pytorch/craft_mlt_25k.pth...
Loading main model weights from checkpoint (/home/nvidia/Desktop/final_boss/backupsdcard/final/external/CRAFT-pytorch/craft_mlt_25k.pth)
Loading refiner weights from checkpoint (/home/nvidia/Desktop/final_boss/backupsdcard/final/external/CRAFT-pytorch/craft_refiner_CTW1500.pth)
✓ Refiner model loaded successfully from: /home/nvidia/Desktop/final_boss/backupsdcard/final/external/CRAFT-pytorch/craft_refiner_CTW1500.pth
✅ CRAFT model loaded successfully.
✓ Refiner model loaded successfully.
✅ Deep OCR using device: cuda
Loading Deep OCR model from /home/nvidia/Desktop/final_boss/backupsdcard/final/models/ocr/fix10.pth...
🔧 Detected DataParallel state dict, removing 'module.' prefix...
🔍 Model state dict keys (first 10): ['Transformation.LocalizationNetwork.conv.0.weight', 'Transformation.LocalizationNetwork.conv.1.weight', 'Transformation.LocalizationNetwork.conv.1.bias', 'Transformation.LocalizationNetwork.conv.1.running_mean', 'Transformation.LocalizationNetwork.conv.1.running_var', 'Transformation.LocalizationNetwork.conv.1.num_batches_tracked', 'Transformation.LocalizationNetwork.conv.4.weight', 'Transformation.LocalizationNetwork.conv.5.weight', 'Transformation.LocalizationNetwork.conv.5.bias', 'Transformation.LocalizationNetwork.conv.5.running_mean']
🔍 Found attention cell in model - this is an Attn model
🔍 Detected 67 classes in model
🔍 Detected character set: 0123456789abcdefghijklmnopqrstuvwxyzABCDEFGHIJKLMNOPQRSTUVWXYZ:/
🔍 Character set length: 64
⚠️ Character set length mismatch: expected 67, got 64
🔧 Adjusting character set length...
🔧 Using 65-character set for 67-class model (with 2 tokens)
🔧 Adjusted character set: 0123456789abcdefghijklmnopqrstuvwxyzABCDEFGHIJKLMNOPQRSTUVWXYZ:/
🔧 Adjusted length: 64
❌ Character set length verification failed: 64 != 67
🔧 Final character set length: 67
⚠️ Duplicate characters detected, removing duplicates...
🔧 Final character set after removing duplicates: 67
📊 Using model's actual number of classes: 67
🔍 Detected Attn prediction type from model structure
🔍 Creating converter with character set length: 67
🔍 AttnLabelConverter created with 69 characters
🔍 AttnLabelConverter tokens: ['[GO]', '[s]']
🔍 Converter type: <class 'utils.AttnLabelConverter'>
🔍 Converter character set length: 69
📊 Final model configuration: 67 classes, character set length: 67
Model input parameters: 32 100 20 1 512 256 67 25 TPS ResNet BiLSTM Attn
✅ Model weights loaded with strict=True
✅ Deep OCR model loaded successfully.
🔧 Optimizing OCR settings for better number recognition...
✅ OCR settings optimized for number recognition:
   - Image height: 64
   - Image width: 200
   - Max length: 10
   - Padding enabled: True
✅ All cap detection models applied from background init
/home/nvidia/.local/lib/python3.8/site-packages/tensorflow/python/framework/dtypes.py:246: DeprecationWarning: `np.bool8` is a deprecated alias for `np.bool_`.  (Deprecated NumPy 1.24)
  np.bool8: (False, True),
/home/nvidia/.local/lib/python3.8/site-packages/tensorboard/compat/tensorflow_stub/dtypes.py:326: DeprecationWarning: `np.bool8` is a deprecated alias for `np.bool_`.  (Deprecated NumPy 1.24)
  np.bool8: (False, True),
✅ Defect model: TensorFlow GPU พร้อม (1 device(s))
✅ Defect model loaded: /home/nvidia/Desktop/final_boss/backupsdcard/final/models/detection/fix_best_defect_model.h5 (tensorflow.keras), ใช้ GPU
✅ Defect model โหลดในหน้า loading แล้ว (พร้อมก่อนประมวลผล)
🔧 Setting up Modbus connection...
🔧 Starting Modbus thread...
✅ Modbus thread started successfully
⏸️ โปรแกรมพร้อมทำงาน (รอ M511 เพื่อเริ่มการทำงาน)
✅ Background init finished - GUI ready
✅ แสดงหน้าต่างหลัก...
✅ ON M700 = False
✅ RESET M700 = 0 (จาก M513)
✅ ON M701 = False
✅ RESET M701 = 0 (จาก M513)
🔄 M513: ส่งสัญญาณให้ GUI reset ทั้งหมด
🛑 M513 STOP: รับสัญญาณหยุดจาก M513 - เริ่ม reset ทั้งหมด
🔄 Resetting system to initial state...
🔄 Resetting Modbus state...
✅ ON M100 = False
✅ ON M110 = False
✅ ON M120 = False
✅ ON M130 = False
✅ ON M750 = False
✅ ON M850 = False
✅ ON M140 = False
✅ ON M600 = False
✅ RESET M600 = 0 (พร้อมรับงานใหม่)
✅ ON M700 = False
✅ ON M701 = False
✅ ON M503 = False
✅ ON M505 = False
✅ ON M720 = False
✅ ON M721 = False
✅ ON M722 = False
✅ ON M730 = False
✅ ON M731 = False
✅ ON M732 = False
✅ ON M733 = False
✅ ON M734 = False
✅ ON M735 = False
✅ ON M740 = False
✅ ON M741 = False
✅ ON M742 = False
🔄 Resetting queue count...
✅ Queue count and monitoring reset to 0
✅ Stopped D6006 monitoring
✅ Reset D6007 tracking
✅ Modbus state reset completed
🔄 Resetting UI elements...
✅ UI elements reset completed
🔄 Clearing current data...
✅ Current data cleared
🔄 Resetting progress bars...
✅ Progress bars reset
🔄 Resetting camera states...
✅ Camera states reset
🔄 Resetting lamp status...
✅ Lamp status reset completed
✅ System reset to initial state completed
✅ M513 STOP: Reset ระบบเสร็จสิ้น
🔧 Initializing Modbus state...
✅ ON M100 = False
✅ ON M110 = False
✅ ON M120 = False
✅ ON M130 = False
✅ ON M750 = False
✅ ON M600 = False
✅ RESET M600 = 0 (พร้อมรับงานใหม่)
✅ RESET M100, M110, M120, M130, M750, M600 = 0
🔧 Setting initial taste mode: 3
🔄 write_register: กำลังเขียน D9006 = 10
✅ Modbus client พร้อมใช้งาน - กำลังส่งคำสั่ง
✅ Write D9006 = 10 สำเร็จ
✅ D9006 = 10 (โหมด 3 รสชาติ) - Initial setup
✅ ON M503 = 1
✅ OFF M503 = 0
🔄 write_register: กำลังเขียน D5500 = 7
✅ Modbus client พร้อมใช้งาน - กำลังส่งคำสั่ง
✅ Write D5500 = 7 สำเร็จ
✅ INITIAL MODE: D5500 = 7 (ID 7 full auto mode)
✅ ON M720 = False
✅ ON M721 = False
✅ ON M722 = False
✅ ON M730 = False
✅ ON M731 = False
✅ ON M732 = False
✅ ON M733 = False
✅ ON M734 = False
✅ ON M735 = False
✅ ON M740 = False
✅ ON M741 = False
✅ ON M742 = False
🔄 TASTE SELECTION: Showing taste selection checkboxes
🔄 write_register: กำลังเขียน D9006 = 20
✅ Modbus client พร้อมใช้งาน - กำลังส่งคำสั่ง
✅ Write D9006 = 20 สำเร็จ
🔄 TASTE MODE: Changed to 2 taste mode via combo box
🔄 TASTE SELECTION: Updated selected tastes: ['M110']
🔄 TASTE SIGNAL: Sending 2-taste combination to D9002
🔄 write_register: กำลังเขียน D9002 = 3
✅ Modbus client พร้อมใช้งาน - กำลังส่งคำสั่ง
✅ Write D9002 = 3 สำเร็จ
🏷️ D9002 = 3 (ขวดน้ำตาล 2% + ขวดผสมแมงลัก)
🔄 TASTE SELECTION: Updated selected tastes: ['M110', 'M120']
✅ ON M701 = False
✅ ON M700 = True
✅ START: M700 ON - ระบบเริ่มทำงาน
✅ M511 ON: เริ่มการทำงาน
🚀 M600 พร้อม - เริ่มถ่ายภาพทันที
🎯 MODBUS TRIGGER RECEIVED - Starting capture sequence (worker thread)
📸 CAPTURE BOTH: กำลังถ่ายภาพจาก USB...
📸 CAPTURE BOTH USB: Attempt 1/3
📸 Captured latest frame: (1080, 1920, 3)
✅ CAPTURE BOTH USB: Success on attempt 1
📸 CAPTURE BOTH: กำลังถ่ายภาพจาก Sentech...
📸 Capturing latest frame with Harvesters...
🔄 Flushing old frames from buffer...
  Flushing buffer... (flushed 1 frames)
  Flushing buffer... (flushed 2 frames)
  Flushing buffer... (flushed 3 frames)
  Flushing buffer... (flushed 4 frames)
  Flushing buffer... (flushed 5 frames)
  ✅ Flushed 28 old frame(s) from buffer
  ⏳ Waiting for new frame...
📸 Fetching latest frame...
  Image data shape: (5013504,)
  Image dimensions: 2448x2048
  Data type: uint8
  Min value: 11, Max value: 255
✅ Captured latest frame: (2048, 2448)
📸 CAPTURE BOTH Sentech: Result = True
✅ CAPTURE BOTH: USB image captured and displayed
🔍 Display image shape: (2048, 2448), dtype: uint8
🔍 Display image min: 11, max: 255
✅ Image displayed successfully: (2048, 2448, 3) -> scaled to 597x500 (full image visible)
✅ CAPTURE BOTH: เปิดใช้งานปุ่มประมวลผลฝา (มีภาพจาก Sentech)
✅ CAPTURE BOTH: Sentech image captured and displayed
🔄 PROCESS: Starting processing for image shape: (1080, 1920, 3)
🔄 PROCESS: Creating BottleDetectionThread...
🔄 PROCESS: Starting processing thread...
🔄 PROCESS: Using selected tastes: ['M110', 'M120']
🔄 BOTTLE DETECTION THREAD: Starting processing...
🔄 BOTTLE DETECTION THREAD: Image shape: (1080, 1920, 3)
🔄 BOTTLE DETECTION THREAD: Saved temp image
🔄 BOTTLE DETECTION THREAD: Calling process_bottle_image_simple...
/home/nvidia/.local/lib/python3.8/site-packages/ultralytics/utils/__init__.py:750: ResourceWarning: unclosed file <_io.TextIOWrapper name='/etc/nv_tegra_release' mode='r' encoding='UTF-8'>
  content = open("/etc/nv_tegra_release").read()
ResourceWarning: Enable tracemalloc to get the object allocation traceback

0: 384x640 1 angle1, 1 type, 4030.4ms
Speed: 11.6ms preprocess, 4030.4ms inference, 3.1ms postprocess per image at shape (1, 3, 384, 640)
🔍 Defect inspection (angle1): score=0.3109 -> Good
🔄 BOTTLE DETECTION THREAD: Processing result type: <class 'dict'>
🔄 BOTTLE DETECTION THREAD: Processing result keys: ['detections', 'type_crops', 'angle1_crops', 'summary', 'original_image', 'defect_inspection']
🔍 BOTTLE DETECTION THREAD: YOLO detections: [{'bbox': (800, 0, 1286, 920), 'label': 'angle1', 'confidence': 0.9566585421562195, 'type': 'bottle'}, {'bbox': (874, 552, 1192, 704), 'label': 'type', 'confidence': 0.9402010440826416, 'type': 'bottle'}]
🔍 BOTTLE DETECTION THREAD: Summary: {'total_detections': 2, 'type_detections': 1, 'detected_labels': ['angle1', 'type'], 'has_type': True, 'angle1_detections': 1}
❌ BOTTLE DETECTION THREAD: 'angle3' not found in YOLO detections
🔄 BOTTLE DETECTION THREAD: Found 1 type crops
🔄 BOTTLE DETECTION THREAD: Processing crop 1
✅ OCR: Found 2 text regions
✅ OCR Text: น้ำเต้าหู้ รสดั้งเดิม
🔄 BOTTLE DETECTION THREAD: Crop 1 OCR results: 2
📝 BOTTLE DETECTION THREAD: Combined OCR Text: 'น้ำเต้าหู้ รสดั้งเดิม'
🏷️ BOTTLE DETECTION THREAD: Detected Bottle Type: M100
🔄 BOTTLE DETECTION THREAD: Emitting result...
✅ PROCESS COMPLETE: Processing finished
✅ PROCESS COMPLETE: No error in result
✅ PROCESS COMPLETE: Result keys: ['detections', 'type_crops', 'angle1_crops', 'summary', 'original_image', 'defect_inspection', 'image', 'image_shape', 'combined_ocr_text', 'bottle_type']
🔄 PROCESS COMPLETE: Displaying results in text area...
🔄 DISPLAY SINGLE RESULTS: Starting to display results
🔄 DISPLAY SINGLE RESULTS: Summary: {'total_detections': 2, 'type_detections': 1, 'detected_labels': ['angle1', 'type'], 'has_type': True, 'angle1_detections': 1}
🔄 DISPLAY SINGLE RESULTS: Detections: 2
✅ DISPLAY SINGLE RESULTS: Results text set
✅ PROCESS COMPLETE: Results displayed in text area
🔄 PROCESS COMPLETE: Drawing 2 detections on image...
🔄 DISPLAY RESULT IMAGE: Image shape: (1080, 1920, 3)
🔄 DISPLAY RESULT IMAGE: Resized to 400x225
✅ DISPLAY RESULT IMAGE: Image displayed in label
✅ PROCESS COMPLETE: Result image displayed
🔄 PROCESS COMPLETE: Displaying 1 cropped images...
🔄 DISPLAY CROPPED IMAGES: Starting to display 1 crops
✅ DISPLAY CROPPED IMAGES: Cleared existing crops
✅ DISPLAY CROPPED IMAGES: Displayed 1 cropped images
✅ PROCESS COMPLETE: Cropped images displayed
🎯 PROCESS COMPLETE: Bottle type detected: M100
📝 PROCESS COMPLETE: OCR text: 'น้ำเต้าหู้ รสดั้งเดิม'
🎯 BOTTLE TYPE DETECTED: M100 (OCR: 'น้ำเต้าหู้ รสดั้งเดิม')
⏳ ตรวจพบ: M100 - รอผลลัพธ์ฝาก่อน ON Modbus...
🔄 AUTO CAP PROCESS: เริ่มประมวลผลฝา...
✅ CAP PROCESSING UI: Displayed processing state for cap detection
🔍 AUTO CAP PROCESS: Calling process_cap_detection()...
🔄 CAP PROCESS: Starting cap detection for image shape: (2048, 2448) (from Sentech camera)
🔍 CAP PROCESS: ใช้ค่ากลางที่วิเคราะห์ได้ (brightness: 33) สำหรับการปรับภาพ
✅ CAP PROCESSING UI: Displayed processing state for cap detection
🔄 CAP PROCESS: Starting cap detection thread...
🔍 AUTO CAP PROCESS: process_cap_detection() completed
🔍 AUTO CAP PROCESS: Cap processing started (ผลจะแสดงเมื่อประมวลผลฝาเสร็จ)🔄 CAP DETECTION THREAD: Starting processing...

🔄 CAP DETECTION THREAD: Image shape: (2048, 2448)
🔄 CAP DETECTION THREAD: Saved temp image
🔄 CAP DETECTION THREAD: Step 1 - ตรวจจับฝา
📐 Resized image for detection: 2448x2048 -> 1280x1070 (scale: 0.523)
✅ พบฝาทั้งหมด: 3 ฝา
   📍 ฝาที่ 1: ความเชื่อมั่น = 0.9609 (96.09%) | Class: bottle_cap | BBox: [1033, 338, 1227, 537]
   📍 ฝาที่ 2: ความเชื่อมั่น = 0.9603 (96.03%) | Class: bottle_cap | BBox: [1027, 52, 1217, 242]
   📍 ฝาที่ 3: ความเชื่อมั่น = 0.9555 (95.55%) | Class: bottle_cap | BBox: [1038, 610, 1226, 810]
🔄 CAP DETECTION THREAD: Step 2 - ตัดภาพ
🔄 CAP DETECTION THREAD: พบฝา 3 ฝา
🔄 CAP DETECTION THREAD: ตรวจสอบตำแหน่งฝา 3 ฝา
🔄 CAP DETECTION THREAD: ฝาที่ 1 - y_center: 437.5, ความเชื่อมั่น: 0.9609 (96.09%)
🔄 CAP DETECTION THREAD: ฝาที่ 2 - y_center: 147.0, ความเชื่อมั่น: 0.9603 (96.03%)
🔄 CAP DETECTION THREAD: ฝาที่ 3 - y_center: 710.0, ความเชื่อมั่น: 0.9555 (95.55%)
🔄 CAP DETECTION THREAD: เลือกฝาที่ 3 (y_center: 710.0, ความเชื่อมั่น: 0.9555 (95.55%)) เป็นฝาล่างสุด
✅ CAP DETECTION THREAD: เลือกฝาที่ 3 (ฝาล่างสุด) จาก 3 ฝา | ความเชื่อมั่น: 0.9555 (95.55%)
🔄 CAP DETECTION THREAD: ประมวลผลฝาที่ 3 (ฝาล่างสุด) (ความเชื่อมั่น: 95.55%)
🔄 CAP DETECTION THREAD: Step 2a - ปรับความคมชัดฝาที่ 3 ก่อน CRAFT
🔧 Enhancing cap image sharpness...
✅ Cap image sharpness enhanced
✅ CRAFT: Rotated image by 10.41 degrees
🔄 CAP DETECTION THREAD: Step 2a.5 - ตรวจสอบรอยจางในฝาที่ 3 (ก่อน CRAFT)
🔍 CAP DETECTION THREAD: ใช้ค่ากลางที่วิเคราะห์ได้ (brightness: 33) สำหรับการปรับภาพ
🔍 ENHANCE IMAGE: ใช้ค่ากลางที่วิเคราะห์ได้ - brightness=33, contrast=1.8
🔍 ใช้ Edges โดยตรงมาทำ Text Edges
🔍 AREA_THRESH = 0 — ปิดเกณฑ์จาง (ถือว่า normal)
Faded text detection - Components: 3, Area: 1560, Status: normal
🔄 CAP DETECTION THREAD: ตรวจสอบรอยจางฝาที่ 3 สำเร็จ - สถานะ: normal
📊 CAP DETECTION THREAD: total_area = 1560, num_chars = 3
🔄 CAP DETECTION THREAD: CRAFT หมุนฝาที่ 3 สำเร็จ
🔄 CACHE MISS: Processing new image (hash: dc9cbab6...)
🚀 ROTATION RETRY: Starting parallel processing (5 rotations simultaneously)...
🚀 PARALLEL: CUDA available - GPU: Xavier
🚀 PARALLEL: Testing 5 rotations with 5 workers...
Input tensor shape: torch.Size([1, 1, 64, 200])
Input tensor shape: torch.Size([1, 1, 64, 200])
Split large region: 102x34 -> 2 parts (min_width=65, min_height=30)
Input tensor shape: torch.Size([1, 1, 64, 200])
Input tensor shape: torch.Size([1, 1, 64, 200])
Input tensor shape: torch.Size([1, 1, 64, 200])
Input tensor shape: torch.Size([1, 1, 64, 200])
Input tensor shape: torch.Size([1, 1, 64, 200])
Input tensor shape: torch.Size([1, 1, 64, 200])
Input tensor shape: torch.Size([1, 1, 64, 200])
Input tensor shape: torch.Size([1, 1, 64, 200])
Input tensor shape: torch.Size([1, 1, 64, 200])
❌ NO MFG: First line does not contain MFG/BBF: '0'
Input tensor shape: torch.Size([1, 1, 64, 200])
Input tensor shape: torch.Size([1, 1, 64, 200])
Input tensor shape: torch.Size([1, 1, 64, 200])
❌ NO MFG: First line does not contain MFG/BBF: '9'
✅ MFG FOUND: First line contains MFG/BBF: 'MFG13/09/25'
✅ PARALLEL: Found valid MFG at -90° - Stopping all other tasks
✅ MFG FOUND: First line contains MFG/BBF: 'MFG13/09/25'
❌ NO MFG: First line does not contain MFG/BBF: '05'
💾 CACHE: Stored result for image hash dc9cbab6... (cache size: 1)
🔄 CAP DETECTION THREAD: Rotation ฝาที่ 3 สำเร็จ
🔄 CAP DETECTION THREAD: ตรวจจับบรรทัดข้อความฝาที่ 3 สำเร็จ
Input tensor shape: torch.Size([1, 1, 64, 200])
Input tensor shape: torch.Size([1, 1, 64, 200])
Input tensor shape: torch.Size([1, 1, 64, 200])
🔄 CAP DETECTION THREAD: OCR ฝาที่ 3 สำเร็จ - อ่านได้ 6 รายการ
🔄 CAP DETECTION THREAD: ลบไฟล์ชั่วคราวแล้ว
🔄 CAP DETECTION THREAD: Emitting result...
✅ CAP PROCESS COMPLETE: Cap detection finished
✅ CAP PROCESS COMPLETE: No error in result
✅ CAP PROCESS COMPLETE: Result keys: ['cap_result', 'processed_image', 'cropped_images', 'image', 'image_shape', 'cap_processing_results']
ℹ️ CAP PROCESS COMPLETE: Skipping early validation - will validate after processing is complete
🔍 DEBUG: display_cap_detection_results called with result type: <class 'dict'>
🔍 DEBUG: Found 2 cap processing results
🔍 DEBUG: Cap 1 result keys: ['cap_index', 'original_crop', 'craft_result', 'faded_text_result', 'craft_rotated_image', 'rotated_image', 'combined_result', 'line_detection_result', 'ocr_results']
🔍 DEBUG: Cap 1 has line_detection_result: True
🔍 DEBUG: Cap 1 has ocr_results: True
🔍 DEBUG: Cap 1 OCR results count: 6
🔍 DEBUG: Cap 1 line detection result type: <class 'dict'>
🔍 DEBUG: Cap 1 line detection keys: ['image_path', 'original_image', 'lines', 'total_lines', 'total_text_regions', 'text_boxes', 'text_polys', 'cropped_lines', 'settings_used', 'timestamp', 'rotation_info']
🔍 DEBUG: Cap 1 has error: False
🔍 DEBUG: Cap 1 cropped_lines count: 3
🔍 DEBUG: Cap 1 first cropped_line type: <class 'dict'>
🔍 DEBUG: Cap 1 first cropped_line keys: ['line_index', 'image', 'bbox', 'num_characters']
🔍 DEBUG: Cap 3 has line_detection_result
🔍 DEBUG: Line detection result keys: ['image_path', 'original_image', 'lines', 'total_lines', 'total_text_regions', 'text_boxes', 'text_polys', 'cropped_lines', 'settings_used', 'timestamp', 'rotation_info']
🔍 DEBUG: Number of cropped lines: 3
🔍 DEBUG: Found 3 cropped lines
🔍 DEBUG: First cropped line type: <class 'dict'>
🔍 DEBUG: First cropped line keys: ['line_index', 'image', 'bbox', 'num_characters']
🔍 DEBUG: Processing line 1, shape: (16, 99, 3)
🔍 DEBUG: Added line 1 to UI
🔍 DEBUG: Processing line 2, shape: (16, 95, 3)
🔍 DEBUG: Added line 2 to UI
🔍 DEBUG: Processing line 3, shape: (16, 65, 3)
🔍 DEBUG: Added line 3 to UI
🔍 DEBUG: Cap 2 result keys: ['cap_index', 'original_crop', 'craft_result', 'faded_text_result', 'craft_rotated_image', 'rotated_image', 'combined_result', 'line_detection_result', 'ocr_results']
🔍 DEBUG: Cap 2 has line_detection_result: True
🔍 DEBUG: Cap 2 has ocr_results: True
🔍 DEBUG: Cap 2 OCR results count: 6
🔍 DEBUG: Cap 2 line detection result type: <class 'dict'>
🔍 DEBUG: Cap 2 line detection keys: ['image_path', 'original_image', 'lines', 'total_lines', 'total_text_regions', 'text_boxes', 'text_polys', 'cropped_lines', 'settings_used', 'timestamp', 'rotation_info']
🔍 DEBUG: Cap 2 has error: False
🔍 DEBUG: Cap 2 cropped_lines count: 3
🔍 DEBUG: Cap 2 first cropped_line type: <class 'dict'>
🔍 DEBUG: Cap 2 first cropped_line keys: ['line_index', 'image', 'bbox', 'num_characters']
🔍 DEBUG: Cap 3 has line_detection_result
🔍 DEBUG: Line detection result keys: ['image_path', 'original_image', 'lines', 'total_lines', 'total_text_regions', 'text_boxes', 'text_polys', 'cropped_lines', 'settings_used', 'timestamp', 'rotation_info']
🔍 DEBUG: Number of cropped lines: 3
🔍 DEBUG: Found 3 cropped lines
🔍 DEBUG: First cropped line type: <class 'dict'>
🔍 DEBUG: First cropped line keys: ['line_index', 'image', 'bbox', 'num_characters']
🔍 DEBUG: Processing line 1, shape: (16, 99, 3)
🔍 DEBUG: Added line 1 to UI
🔍 DEBUG: Processing line 2, shape: (16, 95, 3)
🔍 DEBUG: Added line 2 to UI
🔍 DEBUG: Processing line 3, shape: (16, 65, 3)
🔍 DEBUG: Added line 3 to UI
✅ CAP PROCESSING COMPLETE UI: Displayed complete state for cap detection
🔍 CAP PROCESS COMPLETE: Bottle type is M100 - Validating cap result...
🔍 CAP PROCESS COMPLETE: Result keys: ['cap_result', 'processed_image', 'cropped_images', 'image', 'image_shape', 'cap_processing_results']
🔍 CAP VALIDATION: Validating cap result for M100
🔍 CAP VALIDATION: Using cap_processing_results
🔍 CAP VALIDATION: Faded text status: normal
🔍 CAP VALIDATION: Using all values (text only)
🔍 CAP VALIDATION: OCR text: 'MFG13/09/25 BBF01/10/25 16:54S02 2026-02-15 17:39:26.783591'
🔍 DATE TIME VALIDATION: Checking format for text: 'MFG13/09/25 BBF01/10/25 16:54S02 2026-02-15 17:39:...'
🔍 DATE TIME VALIDATION: has_date=True, has_time=True, format_valid=True
🔍 DATE TIME VALIDATION: Normal mode - no expiry filtering
🔍 CAP PROCESS COMPLETE: Validation result: True
✅ CAP VALIDATION PASSED: ฝาผ่าน + ขวดผ่าน - Sending Modbus signals
✅ CAP PROCESS COMPLETE: Calling on_bottle_type_after_cap_validation()
✅ CAP PROCESS COMPLETE: Modbus thread is available - Sending signals
🏷️ WRITE BOTTLE TYPE TO D7009 AFTER CAP VALIDATION: M100
🔄 write_register: กำลังเขียน D7009 = 10
✅ Modbus client พร้อมใช้งาน - กำลังส่งคำสั่ง
✅ Write D7009 = 10 สำเร็จ
✅ ON M100: D7009 = 10 (ดั้งเดิม)
🏷️ ON M100 (พบคำว่า 'เดิม' - ฝาผ่าน)
⏳ ON M600 และรอ M401 ON เพื่อ reset ทั้งหมด...
✅ ON M600 = True
⏳ รอ M401 ON เพื่อ RESET M600, M100, M110, M120, M130, M140...
✅ BOTTLE TYPE ON SUCCESS: M100 + M600
📋 CAP PROCESS COMPLETE: Adding to history with cap result
✅ HISTORY: Line 1: MFG13/09/25
✅ HISTORY: Line 2: BBF01/10/25
✅ HISTORY: Line 3: 16:54S02
✅ HISTORY: Expiry date (lines 1-3): MFG13/09/25
BBF01/10/25
16:54S02
✅ HISTORY: Combined 3 cropped lines into cap image
✅ HISTORY: Cap image found: True
✅ HISTORY: Faded status: normal, total_area: 1560, num_chars: 3
✅ HISTORY: Added entry - M100 at 2026-02-15 17:39:27
📉 M301 RESET: ON → OFF
📋 M600 ยังไม่ reset - ถ่ายภาพและประมวลผลทันที (เก็บผลลัพธ์ไว้)
📋 เพิ่มคิวผลลัพธ์ (คิวปัจจุบัน: 1)
🔇 SILENT TRIGGER RECEIVED - Starting silent capture and processing
🔇 SILENT CAPTURE: Starting silent image capture and processing...
🔇 SILENT CAPTURE: Attempt 1/3
📸 Captured latest frame: (1080, 1920, 3)
✅ SILENT CAPTURE: Success on attempt 1
🔇 SILENT CAPTURE: Image shape: (1080, 1920, 3)
🔇 SILENT PROCESS: Starting silent processing...
🔇 SILENT PROCESS: Processing thread started
🔇 SILENT CAPTURE: Starting silent Sentech image capture and processing...🔄 BOTTLE DETECTION THREAD: Starting processing...

📸 Capturing latest frame with Harvesters...🔄 BOTTLE DETECTION THREAD: Image shape: (1080, 1920, 3)

🔄 Flushing old frames from buffer...
  Flushing buffer... (flushed 1 frames)
  Flushing buffer... (flushed 2 frames)
  Flushing buffer... (flushed 3 frames)
  Flushing buffer... (flushed 4 frames)🔄 BOTTLE DETECTION THREAD: Saved temp image

🔄 BOTTLE DETECTION THREAD: Calling process_bottle_image_simple...
  Flushing buffer... (flushed 5 frames)

  ✅ Flushed 28 old frame(s) from buffer
  ⏳ Waiting for new frame...
📸 Fetching latest frame...
  Image data shape: (5013504,)
  Image dimensions: 2448x2048
  Data type: uint8
  Min value: 10, Max value: 255
✅ Captured latest frame: (2048, 2448)
🔇 SILENT CAPTURE: Image shape: (2048, 2448)
🔇 SILENT PROCESS: Starting silent cap processing...
🏷️ CAP AUTO CAPTURE: ส่ง bottle_type = M100 ไปยัง CapDetectionThread
🔇 SILENT PROCESS: Cap processing thread started
🔄 CAP DETECTION THREAD: Starting processing...
🔄 CAP DETECTION THREAD: Image shape: (2048, 2448)
🔄 CAP DETECTION THREAD: Saved temp image
🔄 CAP DETECTION THREAD: Step 1 - ตรวจจับฝา
📐 Resized image for detection: 2448x2048 -> 1280x1070 (scale: 0.523)
0: 384x640 1 angle1, 1 type, 3700.5ms
Speed: 45.0ms preprocess, 3700.5ms inference, 2.6ms postprocess per image at shape (1, 3, 384, 640)
🔍 Defect inspection (angle1): score=0.5559 -> NG
⏭️ Defect NG — ข้าม type crop และ OCR
🔄 BOTTLE DETECTION THREAD: Processing result type: <class 'dict'>
🔄 BOTTLE DETECTION THREAD: Processing result keys: ['detections', 'type_crops', 'angle1_crops', 'summary', 'original_image', 'defect_inspection']
🔍 BOTTLE DETECTION THREAD: YOLO detections: [{'bbox': (812, 0, 1298, 924), 'label': 'angle1', 'confidence': 0.9527691006660461, 'type': 'bottle'}, {'bbox': (939, 570, 1257, 724), 'label': 'type', 'confidence': 0.942910373210907, 'type': 'bottle'}]
🔍 BOTTLE DETECTION THREAD: Summary: {'total_detections': 2, 'type_detections': 0, 'detected_labels': ['angle1', 'type'], 'has_type': False, 'angle1_detections': 1}
❌ BOTTLE DETECTION THREAD: 'angle3' not found in YOLO detections
❌ BOTTLE DETECTION THREAD: No type crops found
🔄 BOTTLE DETECTION THREAD: Emitting result...
✅ PROCESS COMPLETE: Processing finished
🔇 SILENT MODE: Storing result in queue (no UI display, no Modbus signals)
🔇 SILENT MODE: Bottle result stored, waiting for cap result...
✅ พบฝาทั้งหมด: 3 ฝา
   📍 ฝาที่ 1: ความเชื่อมั่น = 0.9622 (96.22%) | Class: bottle_cap | BBox: [1037, 628, 1228, 824]
   📍 ฝาที่ 2: ความเชื่อมั่น = 0.9610 (96.10%) | Class: bottle_cap | BBox: [1027, 324, 1219, 517]
   📍 ฝาที่ 3: ความเชื่อมั่น = 0.9540 (95.40%) | Class: bottle_cap | BBox: [1028, 35, 1219, 227]
🔄 CAP DETECTION THREAD: Step 2 - ตัดภาพ
🔄 CAP DETECTION THREAD: พบฝา 3 ฝา
🔄 CAP DETECTION THREAD: ตรวจสอบตำแหน่งฝา 3 ฝา
🔄 CAP DETECTION THREAD: ฝาที่ 1 - y_center: 726.0, ความเชื่อมั่น: 0.9622 (96.22%)
🔄 CAP DETECTION THREAD: ฝาที่ 2 - y_center: 420.5, ความเชื่อมั่น: 0.9610 (96.10%)
🔄 CAP DETECTION THREAD: ฝาที่ 3 - y_center: 131.0, ความเชื่อมั่น: 0.9540 (95.40%)
🔄 CAP DETECTION THREAD: เลือกฝาที่ 1 (y_center: 726.0, ความเชื่อมั่น: 0.9622 (96.22%)) เป็นฝาล่างสุด
✅ CAP DETECTION THREAD: เลือกฝาที่ 1 (ฝาล่างสุด) จาก 3 ฝา | ความเชื่อมั่น: 0.9622 (96.22%)
🔄 CAP DETECTION THREAD: ประมวลผลฝาที่ 1 (ฝาล่างสุด) (ความเชื่อมั่น: 96.22%)
🔄 CAP DETECTION THREAD: Step 2a - ปรับความคมชัดฝาที่ 1 ก่อน CRAFT
🔧 Enhancing cap image sharpness...
✅ Cap image sharpness enhanced
✅ CRAFT: Rotated image by 30.80 degrees
🔄 CAP DETECTION THREAD: Step 2a.5 - ตรวจสอบรอยจางในฝาที่ 1 (ก่อน CRAFT)
🔍 CAP DETECTION THREAD: ใช้ค่ากลางที่วิเคราะห์ได้ (brightness: 33) สำหรับการปรับภาพ
🔍 ENHANCE IMAGE: ใช้ค่ากลางที่วิเคราะห์ได้ - brightness=33, contrast=1.8
🔍 ใช้ Edges โดยตรงมาทำ Text Edges
🔍 AREA_THRESH = 0 — ปิดเกณฑ์จาง (ถือว่า normal)
Faded text detection - Components: 7, Area: 1626, Status: normal
🔄 CAP DETECTION THREAD: ตรวจสอบรอยจางฝาที่ 1 สำเร็จ - สถานะ: normal
📊 CAP DETECTION THREAD: total_area = 1626, num_chars = 7
🔄 CAP DETECTION THREAD: CRAFT หมุนฝาที่ 1 สำเร็จ
🔄 CACHE MISS: Processing new image (hash: 1b1e15e4...)
🚀 ROTATION RETRY: Starting parallel processing (5 rotations simultaneously)...
🚀 PARALLEL: CUDA available - GPU: Xavier
🚀 PARALLEL: Testing 5 rotations with 5 workers...
✅ M401 ON มาถึงแล้ว! (คิว: 1)
✅ RESET M600 = 0
🔄 write_register: กำลังเขียน D7009 = 0
✅ Modbus client พร้อมใช้งาน - กำลังส่งคำสั่ง
✅ Write D7009 = 0 สำเร็จ
✅ RESET D7009 = 0 (พร้อมรับค่าใหม่)
✅ RESET M100 = 0
✅ RESET M110 = 0
✅ RESET M120 = 0
✅ RESET M130 = 0
✅ RESET M140 = 0
✅ RESET M720 = 0
✅ RESET M721 = 0
✅ RESET M722 = 0
✅ RESET M730 = 0
✅ RESET M731 = 0
✅ RESET M732 = 0
✅ RESET M733 = 0
✅ RESET M734 = 0
✅ RESET M735 = 0
✅ RESET M740 = 0
✅ RESET M741 = 0
✅ RESET M742 = 0
⏳ รอผลจากคิว (ยังประมวลผลไม่เสร็จ, คิว: 1) - ไม่ถ่ายภาพใหม่
Input tensor shape: torch.Size([1, 1, 64, 200])
Input tensor shape: torch.Size([1, 1, 64, 200])
Input tensor shape: torch.Size([1, 1, 64, 200])
Input tensor shape: torch.Size([1, 1, 64, 200])
Input tensor shape: torch.Size([1, 1, 64, 200])
Input tensor shape: torch.Size([1, 1, 64, 200])
Input tensor shape: torch.Size([1, 1, 64, 200])
Input tensor shape: torch.Size([1, 1, 64, 200])
Input tensor shape: torch.Size([1, 1, 64, 200])
❌ NO MFG: First line does not contain MFG/BBF: '5'
❌ NO MFG: First line does not contain MFG/BBF: 'M'
Input tensor shape: torch.Size([1, 1, 64, 200])
❌ NO MFG: First line does not contain MFG/BBF: '20:'
✅ MFG FOUND: First line contains MFG/BBF: 'MFG23/10'
✅ PARALLEL: Found valid MFG at 270° - Stopping all other tasks
💾 CACHE: Stored result for image hash 1b1e15e4... (cache size: 2)
🔄 CAP DETECTION THREAD: Rotation ฝาที่ 1 สำเร็จ
🔄 CAP DETECTION THREAD: ตรวจจับบรรทัดข้อความฝาที่ 1 สำเร็จ
Input tensor shape: torch.Size([1, 1, 64, 200])
Input tensor shape: torch.Size([1, 1, 64, 200])
Input tensor shape: torch.Size([1, 1, 64, 200])
🔄 CAP DETECTION THREAD: OCR ฝาที่ 1 สำเร็จ - อ่านได้ 6 รายการ
🔄 CAP DETECTION THREAD: ลบไฟล์ชั่วคราวแล้ว
🔄 CAP DETECTION THREAD: Emitting result...
✅ CAP PROCESS COMPLETE: Cap detection finished
🔇 SILENT MODE: Storing cap result in queue (no UI display, no Modbus signals)
🔇 SILENT MODE: ผลพร้อม — แสดงจากคิวทันที (ลดคิวเหลือ: 0)
📋 RESULT READY TO DISPLAY - Showing results from queue and sending Modbus signals
📋 DISPLAY: Displaying bottle results from queue
📋 DISPLAY FROM QUEUE: Displaying bottle result from queue
🔄 DISPLAY SINGLE RESULTS: Starting to display results
🔄 DISPLAY SINGLE RESULTS: Summary: {'total_detections': 2, 'type_detections': 0, 'detected_labels': ['angle1', 'type'], 'has_type': False, 'angle1_detections': 1}
🔄 DISPLAY SINGLE RESULTS: Detections: 2
✅ DISPLAY SINGLE RESULTS: Results text set
🔄 DISPLAY RESULT IMAGE: Image shape: (1080, 1920, 3)
🔄 DISPLAY RESULT IMAGE: Resized to 400x225
✅ DISPLAY RESULT IMAGE: Image displayed in label
✅ DISPLAY FROM QUEUE: Bottle result displayed
❌ DISPLAY: ขวด NG — ไม่เรียก handle_bottle_type_detection (ไม่ประมวลฝา)
📋 DISPLAY: Displaying cap results from queue
📋 DISPLAY FROM QUEUE: Displaying cap result from queue
❌ DISPLAY FROM QUEUE ERROR: The truth value of an array with more than one element is ambiguous. Use a.any() or a.all()
Traceback (most recent call last):
  File "/home/nvidia/Desktop/final_boss/backupsdcard/final/gui/handlers/cap_handlers.py", line 740, in display_result_from_queue
    cap_img = result.get('image') or result.get('processed_image')
ValueError: The truth value of an array with more than one element is ambiguous. Use a.any() or a.all()
🔍 CAP VALIDATION: Validating cap result for M100
🔍 CAP VALIDATION: Using cap_processing_results
🔍 CAP VALIDATION: Faded text status: normal
🔍 CAP VALIDATION: Using all values (text only)
🔍 CAP VALIDATION: OCR text: 'MFG23/10 BBF10/01/25 04:35S5 2026-02-15 17:39:41.270500'
🔍 DATE TIME VALIDATION: Checking format for text: 'MFG23/10 BBF10/01/25 04:35S5 2026-02-15 17:39:41.2...'
🔍 DATE TIME VALIDATION: has_date=True, has_time=True, format_valid=True
🔍 DATE TIME VALIDATION: Normal mode - no expiry filtering
❌ DISPLAY: ฝาไม่ผ่านหรือขวดไม่ผ่าน - Writing D7009 = 50 (NG)
🔄 write_register: กำลังเขียน D7009 = 50
✅ Modbus client พร้อมใช้งาน - กำลังส่งคำสั่ง
✅ Write D7009 = 50 สำเร็จ
✅ ON M140: D7009 = 50 (ฝาไม่ผ่าน - ไม่ตรงกับฟอร์ม)
🏷️ D7009 = 50 (ฝาไม่ผ่านหรือขวดไม่ผ่าน)
✅ ON M600 = True
⏳ รอ M401 ON เพื่อ RESET M600, M100, M110, M120, M130, M140...
✅ HISTORY: Added entry - None at 2026-02-15 17:39:41
✅ DISPLAY: Results displayed and Modbus signals sent
📉 M301 RESET: ON → OFF
📋 M600 ยังไม่ reset - ถ่ายภาพและประมวลผลทันที (เก็บผลลัพธ์ไว้)
📋 เพิ่มคิวผลลัพธ์ (คิวปัจจุบัน: 1)
🔇 SILENT TRIGGER RECEIVED - Starting silent capture and processing
🔇 SILENT CAPTURE: Starting silent image capture and processing...
🔇 SILENT CAPTURE: Attempt 1/3
📸 Captured latest frame: (1080, 1920, 3)
✅ SILENT CAPTURE: Success on attempt 1
🔇 SILENT CAPTURE: Image shape: (1080, 1920, 3)
🔇 SILENT PROCESS: Starting silent processing...
🔇 SILENT PROCESS: Processing thread started
🔇 SILENT CAPTURE: Starting silent Sentech image capture and processing...🔄 BOTTLE DETECTION THREAD: Starting processing...

🔄 BOTTLE DETECTION THREAD: Image shape: (1080, 1920, 3)
📸 Capturing latest frame with Harvesters...
🔄 Flushing old frames from buffer...
  Flushing buffer... (flushed 1 frames)
  Flushing buffer... (flushed 2 frames)
  Flushing buffer... (flushed 3 frames)
  Flushing buffer... (flushed 4 frames)
🔄 BOTTLE DETECTION THREAD: Saved temp image
🔄 BOTTLE DETECTION THREAD: Calling process_bottle_image_simple...  Flushing buffer... (flushed 5 frames)


  ✅ Flushed 27 old frame(s) from buffer
  ⏳ Waiting for new frame...
📸 Fetching latest frame...
  Image data shape: (5013504,)
  Image dimensions: 2448x2048
  Data type: uint8
  Min value: 10, Max value: 255
✅ Captured latest frame: (2048, 2448)
🔇 SILENT CAPTURE: Image shape: (2048, 2448)
🔇 SILENT PROCESS: Starting silent cap processing...
🏷️ CAP AUTO CAPTURE: ส่ง bottle_type = M100 ไปยัง CapDetectionThread
🔇 SILENT PROCESS: Cap processing thread started
🔄 CAP DETECTION THREAD: Starting processing...
🔄 CAP DETECTION THREAD: Image shape: (2048, 2448)
🔄 CAP DETECTION THREAD: Saved temp image
🔄 CAP DETECTION THREAD: Step 1 - ตรวจจับฝา
📐 Resized image for detection: 2448x2048 -> 1280x1070 (scale: 0.523)
0: 384x640 1 angle1, 1 type, 3450.7ms
Speed: 40.5ms preprocess, 3450.7ms inference, 2.6ms postprocess per image at shape (1, 3, 384, 640)
🔍 Defect inspection (angle1): score=0.2659 -> Good
🔄 BOTTLE DETECTION THREAD: Processing result type: <class 'dict'>
🔄 BOTTLE DETECTION THREAD: Processing result keys: ['detections', 'type_crops', 'angle1_crops', 'summary', 'original_image', 'defect_inspection']
🔍 BOTTLE DETECTION THREAD: YOLO detections: [{'bbox': (801, 0, 1286, 926), 'label': 'angle1', 'confidence': 0.9544613361358643, 'type': 'bottle'}, {'bbox': (890, 580, 1224, 735), 'label': 'type', 'confidence': 0.9174315929412842, 'type': 'bottle'}]
🔍 BOTTLE DETECTION THREAD: Summary: {'total_detections': 2, 'type_detections': 1, 'detected_labels': ['angle1', 'type'], 'has_type': True, 'angle1_detections': 1}
❌ BOTTLE DETECTION THREAD: 'angle3' not found in YOLO detections
🔄 BOTTLE DETECTION THREAD: Found 1 type crops
🔄 BOTTLE DETECTION THREAD: Processing crop 1
✅ OCR: Found 2 text regions
✅ OCR Text: น้ำเต้าหู้ ผสมเม็ดแมงลัก
🔄 BOTTLE DETECTION THREAD: Crop 1 OCR results: 2
📝 BOTTLE DETECTION THREAD: Combined OCR Text: 'น้ำเต้าหู้ ผสมเม็ดแมงลัก'
🏷️ BOTTLE DETECTION THREAD: Detected Bottle Type: M120
🔄 BOTTLE DETECTION THREAD: Emitting result...
✅ PROCESS COMPLETE: Processing finished
🔇 SILENT MODE: Storing result in queue (no UI display, no Modbus signals)
🔇 SILENT MODE: Bottle result stored, waiting for cap result...
✅ M401 ON มาถึงแล้ว! (คิว: 1)
✅ RESET M600 = 0
🔄 write_register: กำลังเขียน D7009 = 0
✅ Modbus client พร้อมใช้งาน - กำลังส่งคำสั่ง
✅ Write D7009 = 0 สำเร็จ
✅ RESET D7009 = 0 (พร้อมรับค่าใหม่)
✅ RESET M100 = 0
✅ RESET M110 = 0
✅ RESET M120 = 0
✅ RESET M130 = 0
✅ RESET M140 = 0
✅ RESET M720 = 0
✅ RESET M721 = 0
✅ RESET M722 = 0
✅ RESET M730 = 0
✅ RESET M731 = 0
✅ RESET M732 = 0
✅ RESET M733 = 0
✅ RESET M734 = 0
✅ RESET M735 = 0
✅ RESET M740 = 0
✅ RESET M741 = 0
✅ RESET M742 = 0
⏳ รอผลจากคิว (ยังประมวลผลไม่เสร็จ, คิว: 1) - ไม่ถ่ายภาพใหม่
✅ พบฝาทั้งหมด: 3 ฝา
   📍 ฝาที่ 1: ความเชื่อมั่น = 0.9550 (95.50%) | Class: bottle_cap | BBox: [1036, 613, 1225, 808]
   📍 ฝาที่ 2: ความเชื่อมั่น = 0.9545 (95.45%) | Class: bottle_cap | BBox: [1028, 317, 1222, 511]
   📍 ฝาที่ 3: ความเชื่อมั่น = 0.9486 (94.86%) | Class: bottle_cap | BBox: [1033, 27, 1225, 221]
🔄 CAP DETECTION THREAD: Step 2 - ตัดภาพ
🔄 CAP DETECTION THREAD: พบฝา 3 ฝา
🔄 CAP DETECTION THREAD: ตรวจสอบตำแหน่งฝา 3 ฝา
🔄 CAP DETECTION THREAD: ฝาที่ 1 - y_center: 710.5, ความเชื่อมั่น: 0.9550 (95.50%)
🔄 CAP DETECTION THREAD: ฝาที่ 2 - y_center: 414.0, ความเชื่อมั่น: 0.9545 (95.45%)
🔄 CAP DETECTION THREAD: ฝาที่ 3 - y_center: 124.0, ความเชื่อมั่น: 0.9486 (94.86%)
🔄 CAP DETECTION THREAD: เลือกฝาที่ 1 (y_center: 710.5, ความเชื่อมั่น: 0.9550 (95.50%)) เป็นฝาล่างสุด
✅ CAP DETECTION THREAD: เลือกฝาที่ 1 (ฝาล่างสุด) จาก 3 ฝา | ความเชื่อมั่น: 0.9550 (95.50%)
🔄 CAP DETECTION THREAD: ประมวลผลฝาที่ 1 (ฝาล่างสุด) (ความเชื่อมั่น: 95.50%)
🔄 CAP DETECTION THREAD: Step 2a - ปรับความคมชัดฝาที่ 1 ก่อน CRAFT
🔧 Enhancing cap image sharpness...
✅ Cap image sharpness enhanced
✅ CRAFT: Rotated image by -23.91 degrees
🔄 CAP DETECTION THREAD: Step 2a.5 - ตรวจสอบรอยจางในฝาที่ 1 (ก่อน CRAFT)
🔍 CAP DETECTION THREAD: ใช้ค่ากลางที่วิเคราะห์ได้ (brightness: 33) สำหรับการปรับภาพ
🔍 ENHANCE IMAGE: ใช้ค่ากลางที่วิเคราะห์ได้ - brightness=33, contrast=1.8
🔍 ใช้ Edges โดยตรงมาทำ Text Edges
🔍 AREA_THRESH = 0 — ปิดเกณฑ์จาง (ถือว่า normal)
Faded text detection - Components: 4, Area: 1364, Status: normal
🔄 CAP DETECTION THREAD: ตรวจสอบรอยจางฝาที่ 1 สำเร็จ - สถานะ: normal
📊 CAP DETECTION THREAD: total_area = 1364, num_chars = 4
🔄 CAP DETECTION THREAD: CRAFT หมุนฝาที่ 1 สำเร็จ
🔄 CACHE MISS: Processing new image (hash: e304a9a3...)
🚀 ROTATION RETRY: Starting parallel processing (5 rotations simultaneously)...
🚀 PARALLEL: CUDA available - GPU: Xavier
🚀 PARALLEL: Testing 5 rotations with 5 workers...
Input tensor shape: torch.Size([1, 1, 64, 200])
Input tensor shape: torch.Size([1, 1, 64, 200])
Input tensor shape: torch.Size([1, 1, 64, 200])
Input tensor shape: torch.Size([1, 1, 64, 200])
Input tensor shape: torch.Size([1, 1, 64, 200])
Input tensor shape: torch.Size([1, 1, 64, 200])
Input tensor shape: torch.Size([1, 1, 64, 200])
Input tensor shape: torch.Size([1, 1, 64, 200])
Input tensor shape: torch.Size([1, 1, 64, 200])
Input tensor shape: torch.Size([1, 1, 64, 200])
❌ NO MFG: First line does not contain MFG/BBF: '20'
Input tensor shape: torch.Size([1, 1, 64, 200])
✅ MFG FOUND: First line contains MFG/BBF: 'MFG23/12/25'
✅ PARALLEL: Found valid MFG at 0° - Stopping all other tasks
Input tensor shape: torch.Size([1, 1, 64, 200])
❌ NO MFG: First line does not contain MFG/BBF: 'W'
❌ NO MFG: First line does not contain MFG/BBF: 'W'
💾 CACHE: Stored result for image hash e304a9a3... (cache size: 3)
🔄 CAP DETECTION THREAD: Rotation ฝาที่ 1 สำเร็จ
🔄 CAP DETECTION THREAD: ตรวจจับบรรทัดข้อความฝาที่ 1 สำเร็จ
Input tensor shape: torch.Size([1, 1, 64, 200])
Input tensor shape: torch.Size([1, 1, 64, 200])
Input tensor shape: torch.Size([1, 1, 64, 200])
🔄 CAP DETECTION THREAD: OCR ฝาที่ 1 สำเร็จ - อ่านได้ 6 รายการ
🔄 CAP DETECTION THREAD: ลบไฟล์ชั่วคราวแล้ว
🔄 CAP DETECTION THREAD: Emitting result...
✅ CAP PROCESS COMPLETE: Cap detection finished
🔇 SILENT MODE: Storing cap result in queue (no UI display, no Modbus signals)
🔇 SILENT MODE: ผลพร้อม — แสดงจากคิวทันที (ลดคิวเหลือ: 0)
📋 RESULT READY TO DISPLAY - Showing results from queue and sending Modbus signals
📋 DISPLAY: Displaying bottle results from queue
📋 DISPLAY FROM QUEUE: Displaying bottle result from queue
🔄 DISPLAY SINGLE RESULTS: Starting to display results
🔄 DISPLAY SINGLE RESULTS: Summary: {'total_detections': 2, 'type_detections': 1, 'detected_labels': ['angle1', 'type'], 'has_type': True, 'angle1_detections': 1}
🔄 DISPLAY SINGLE RESULTS: Detections: 2
✅ DISPLAY SINGLE RESULTS: Results text set
🔄 DISPLAY RESULT IMAGE: Image shape: (1080, 1920, 3)
🔄 DISPLAY RESULT IMAGE: Resized to 400x225
✅ DISPLAY RESULT IMAGE: Image displayed in label
🔄 DISPLAY CROPPED IMAGES: Starting to display 1 crops
✅ DISPLAY CROPPED IMAGES: Cleared existing crops
✅ DISPLAY CROPPED IMAGES: Displayed 1 cropped images
✅ DISPLAY FROM QUEUE: Bottle result displayed
🎯 DISPLAY: Bottle type detected: M120 (ขวดผ่าน, จากคิว)
🎯 BOTTLE TYPE DETECTED: M120 (OCR: 'น้ำเต้าหู้ ผสมเม็ดแมงลัก') [from queue]
📋 DISPLAY: Displaying cap results from queue
📋 DISPLAY FROM QUEUE: Displaying cap result from queue
❌ DISPLAY FROM QUEUE ERROR: The truth value of an array with more than one element is ambiguous. Use a.any() or a.all()
Traceback (most recent call last):
  File "/home/nvidia/Desktop/final_boss/backupsdcard/final/gui/handlers/cap_handlers.py", line 740, in display_result_from_queue
    cap_img = result.get('image') or result.get('processed_image')
ValueError: The truth value of an array with more than one element is ambiguous. Use a.any() or a.all()
🔍 CAP VALIDATION: Validating cap result for M120
🔍 CAP VALIDATION: Using cap_processing_results
🔍 CAP VALIDATION: Faded text status: normal
🔍 CAP VALIDATION: Using all values (text only)
🔍 CAP VALIDATION: OCR text: 'MFG23/12/25 BBF10/01/26 23:37002 2026-02-15 17:39:56.781989'
🔍 DATE TIME VALIDATION: Checking format for text: 'MFG23/12/25 BBF10/01/26 23:37002 2026-02-15 17:39:...'
🔍 DATE TIME VALIDATION: has_date=True, has_time=True, format_valid=True
🔍 DATE TIME VALIDATION: Normal mode - no expiry filtering
✅ DISPLAY: Cap + Bottle passed - Sending Modbus signals
🏷️ WRITE BOTTLE TYPE TO D7009 AFTER CAP VALIDATION: M120
🔄 write_register: กำลังเขียน D7009 = 30
✅ Modbus client พร้อมใช้งาน - กำลังส่งคำสั่ง
✅ Write D7009 = 30 สำเร็จ
✅ ON M120: D7009 = 30 (ผสมแมงลัก)
🏷️ ON M120 (พบคำว่า 'ลัก' - ฝาผ่าน)
⏳ ON M600 และรอ M401 ON เพื่อ reset ทั้งหมด...
✅ ON M600 = True
⏳ รอ M401 ON เพื่อ RESET M600, M100, M110, M120, M130, M140...
✅ BOTTLE TYPE ON SUCCESS: M120 + M600
✅ HISTORY: Line 1: MFG23/12/25
✅ HISTORY: Line 2: BBF10/01/26
✅ HISTORY: Line 3: 23:37002
✅ HISTORY: Expiry date (lines 1-3): MFG23/12/25
BBF10/01/26
23:37002
✅ HISTORY: Combined 3 cropped lines into cap image
✅ HISTORY: Cap image found: True
✅ HISTORY: Faded status: normal, total_area: 1364, num_chars: 4
✅ HISTORY: Added entry - M120 at 2026-02-15 17:39:56
✅ DISPLAY: Results displayed and Modbus signals sent
📉 M301 RESET: ON → OFF
📋 M600 ยังไม่ reset - ถ่ายภาพและประมวลผลทันที (เก็บผลลัพธ์ไว้)
📋 เพิ่มคิวผลลัพธ์ (คิวปัจจุบัน: 1)
🔇 SILENT TRIGGER RECEIVED - Starting silent capture and processing
🔇 SILENT CAPTURE: Starting silent image capture and processing...
🔇 SILENT CAPTURE: Attempt 1/3
📸 Captured latest frame: (1080, 1920, 3)
✅ SILENT CAPTURE: Success on attempt 1
🔇 SILENT CAPTURE: Image shape: (1080, 1920, 3)
🔇 SILENT PROCESS: Starting silent processing...
🔇 SILENT PROCESS: Processing thread started
🔇 SILENT CAPTURE: Starting silent Sentech image capture and processing...🔄 BOTTLE DETECTION THREAD: Starting processing...
📸 Capturing latest frame with Harvesters...

🔄 Flushing old frames from buffer...🔄 BOTTLE DETECTION THREAD: Image shape: (1080, 1920, 3)

  Flushing buffer... (flushed 1 frames)
  Flushing buffer... (flushed 2 frames)
  Flushing buffer... (flushed 3 frames)
  Flushing buffer... (flushed 4 frames)
🔄 BOTTLE DETECTION THREAD: Saved temp image
  Flushing buffer... (flushed 5 frames)🔄 BOTTLE DETECTION THREAD: Calling process_bottle_image_simple...


  ✅ Flushed 28 old frame(s) from buffer
  ⏳ Waiting for new frame...
📸 Fetching latest frame...
  Image data shape: (5013504,)
  Image dimensions: 2448x2048
  Data type: uint8
  Min value: 11, Max value: 255
✅ Captured latest frame: (2048, 2448)
🔇 SILENT CAPTURE: Image shape: (2048, 2448)
🔇 SILENT PROCESS: Starting silent cap processing...
🏷️ CAP AUTO CAPTURE: ส่ง bottle_type = M120 ไปยัง CapDetectionThread
🔇 SILENT PROCESS: Cap processing thread started
🔄 CAP DETECTION THREAD: Starting processing...
🔄 CAP DETECTION THREAD: Image shape: (2048, 2448)
🔄 CAP DETECTION THREAD: Saved temp image
🔄 CAP DETECTION THREAD: Step 1 - ตรวจจับฝา
📐 Resized image for detection: 2448x2048 -> 1280x1070 (scale: 0.523)
0: 384x640 1 angle1, 1 type, 3542.3ms
Speed: 61.0ms preprocess, 3542.3ms inference, 2.9ms postprocess per image at shape (1, 3, 384, 640)
🔍 Defect inspection (angle1): score=0.1914 -> Good
🔄 BOTTLE DETECTION THREAD: Processing result type: <class 'dict'>
🔄 BOTTLE DETECTION THREAD: Processing result keys: ['detections', 'type_crops', 'angle1_crops', 'summary', 'original_image', 'defect_inspection']
🔍 BOTTLE DETECTION THREAD: YOLO detections: [{'bbox': (816, 0, 1293, 921), 'label': 'angle1', 'confidence': 0.9409536123275757, 'type': 'bottle'}, {'bbox': (933, 528, 1258, 684), 'label': 'type', 'confidence': 0.9055969715118408, 'type': 'bottle'}]
🔍 BOTTLE DETECTION THREAD: Summary: {'total_detections': 2, 'type_detections': 1, 'detected_labels': ['angle1', 'type'], 'has_type': True, 'angle1_detections': 1}
❌ BOTTLE DETECTION THREAD: 'angle3' not found in YOLO detections
🔄 BOTTLE DETECTION THREAD: Found 1 type crops
🔄 BOTTLE DETECTION THREAD: Processing crop 1
✅ OCR: Found 2 text regions
✅ OCR Text: น้ำเต้าหู้ สูตรน้ำตาล 2%
🔄 BOTTLE DETECTION THREAD: Crop 1 OCR results: 2
📝 BOTTLE DETECTION THREAD: Combined OCR Text: 'น้ำเต้าหู้ สูตรน้ำตาล 2%'
🏷️ BOTTLE DETECTION THREAD: Detected Bottle Type: M110
🔄 BOTTLE DETECTION THREAD: Emitting result...
✅ PROCESS COMPLETE: Processing finished
🔇 SILENT MODE: Storing result in queue (no UI display, no Modbus signals)
🔇 SILENT MODE: Bottle result stored, waiting for cap result...
✅ M401 ON มาถึงแล้ว! (คิว: 1)
✅ RESET M600 = 0
🔄 write_register: กำลังเขียน D7009 = 0
✅ Modbus client พร้อมใช้งาน - กำลังส่งคำสั่ง
✅ Write D7009 = 0 สำเร็จ
✅ RESET D7009 = 0 (พร้อมรับค่าใหม่)
✅ RESET M100 = 0
✅ RESET M110 = 0
✅ RESET M120 = 0
✅ RESET M130 = 0
✅ RESET M140 = 0
✅ RESET M720 = 0
✅ RESET M721 = 0
✅ RESET M722 = 0
✅ RESET M730 = 0
✅ RESET M731 = 0
✅ RESET M732 = 0
✅ RESET M733 = 0
✅ RESET M734 = 0
✅ RESET M735 = 0
✅ RESET M740 = 0
✅ RESET M741 = 0
✅ RESET M742 = 0
⏳ รอผลจากคิว (ยังประมวลผลไม่เสร็จ, คิว: 1) - ไม่ถ่ายภาพใหม่
✅ พบฝาทั้งหมด: 2 ฝา
   📍 ฝาที่ 1: ความเชื่อมั่น = 0.9573 (95.73%) | Class: bottle_cap | BBox: [1033, 317, 1227, 513]
   📍 ฝาที่ 2: ความเชื่อมั่น = 0.9511 (95.11%) | Class: bottle_cap | BBox: [1031, 607, 1223, 804]
🔄 CAP DETECTION THREAD: Step 2 - ตัดภาพ
🔄 CAP DETECTION THREAD: พบฝา 2 ฝา
🔄 CAP DETECTION THREAD: ตรวจสอบตำแหน่งฝา 2 ฝา
🔄 CAP DETECTION THREAD: ฝาที่ 1 - y_center: 415.0, ความเชื่อมั่น: 0.9573 (95.73%)
🔄 CAP DETECTION THREAD: ฝาที่ 2 - y_center: 705.5, ความเชื่อมั่น: 0.9511 (95.11%)
🔄 CAP DETECTION THREAD: เลือกฝาที่ 2 (y_center: 705.5, ความเชื่อมั่น: 0.9511 (95.11%)) เป็นฝาล่างสุด
✅ CAP DETECTION THREAD: เลือกฝาที่ 2 (ฝาล่างสุด) จาก 2 ฝา | ความเชื่อมั่น: 0.9511 (95.11%)
🔄 CAP DETECTION THREAD: ประมวลผลฝาที่ 2 (ฝาล่างสุด) (ความเชื่อมั่น: 95.11%)
🔄 CAP DETECTION THREAD: Step 2a - ปรับความคมชัดฝาที่ 2 ก่อน CRAFT
🔧 Enhancing cap image sharpness...
✅ Cap image sharpness enhanced
✅ CRAFT: Rotated image by 8.97 degrees
🔄 CAP DETECTION THREAD: Step 2a.5 - ตรวจสอบรอยจางในฝาที่ 2 (ก่อน CRAFT)
🔍 CAP DETECTION THREAD: ใช้ค่ากลางที่วิเคราะห์ได้ (brightness: 33) สำหรับการปรับภาพ
🔍 ENHANCE IMAGE: ใช้ค่ากลางที่วิเคราะห์ได้ - brightness=33, contrast=1.8
🔍 ใช้ Edges โดยตรงมาทำ Text Edges
🔍 AREA_THRESH = 0 — ปิดเกณฑ์จาง (ถือว่า normal)
Faded text detection - Components: 4, Area: 1722, Status: normal
🔄 CAP DETECTION THREAD: ตรวจสอบรอยจางฝาที่ 2 สำเร็จ - สถานะ: normal
📊 CAP DETECTION THREAD: total_area = 1722, num_chars = 4
🔄 CAP DETECTION THREAD: CRAFT หมุนฝาที่ 2 สำเร็จ
🔄 CACHE MISS: Processing new image (hash: 860179aa...)
🚀 ROTATION RETRY: Starting parallel processing (5 rotations simultaneously)...
🚀 PARALLEL: CUDA available - GPU: Xavier
🚀 PARALLEL: Testing 5 rotations with 5 workers...
Input tensor shape: torch.Size([1, 1, 64, 200])
Input tensor shape: torch.Size([1, 1, 64, 200])
Input tensor shape: torch.Size([1, 1, 64, 200])
Input tensor shape: torch.Size([1, 1, 64, 200])
Split large region: 132x35 -> 2 parts (min_width=65, min_height=30)
Input tensor shape: torch.Size([1, 1, 64, 200])
Input tensor shape: torch.Size([1, 1, 64, 200])
Input tensor shape: torch.Size([1, 1, 64, 200])
Input tensor shape: torch.Size([1, 1, 64, 200])
Input tensor shape: torch.Size([1, 1, 64, 200])
Input tensor shape: torch.Size([1, 1, 64, 200])
Input tensor shape: torch.Size([1, 1, 64, 200])
Input tensor shape: torch.Size([1, 1, 64, 200])
❌ NO MFG: First line does not contain MFG/BBF: '0'
❌ NO MFG: First line does not contain MFG/BBF: '0'
Input tensor shape: torch.Size([1, 1, 64, 200])
❌ NO MFG: First line does not contain MFG/BBF: 'M'
❌ NO MFG: First line does not contain MFG/BBF: 'MGG'
❌ NO MFG: First line does not contain MFG/BBF: '20:S009'
❌ PARALLEL: No valid results found
⚠️ CAP DETECTION THREAD: Rotation ฝาที่ 2 ไม่สำเร็จ
🔄 CAP DETECTION THREAD: ลบไฟล์ชั่วคราวแล้ว
🔄 CAP DETECTION THREAD: Emitting result...
✅ CAP PROCESS COMPLETE: Cap detection finished
🔇 SILENT MODE: Storing cap result in queue (no UI display, no Modbus signals)
🔇 SILENT MODE: ผลพร้อม — แสดงจากคิวทันที (ลดคิวเหลือ: 0)
📋 RESULT READY TO DISPLAY - Showing results from queue and sending Modbus signals
📋 DISPLAY: Displaying bottle results from queue
📋 DISPLAY FROM QUEUE: Displaying bottle result from queue
🔄 DISPLAY SINGLE RESULTS: Starting to display results
🔄 DISPLAY SINGLE RESULTS: Summary: {'total_detections': 2, 'type_detections': 1, 'detected_labels': ['angle1', 'type'], 'has_type': True, 'angle1_detections': 1}
🔄 DISPLAY SINGLE RESULTS: Detections: 2
✅ DISPLAY SINGLE RESULTS: Results text set
🔄 DISPLAY RESULT IMAGE: Image shape: (1080, 1920, 3)
🔄 DISPLAY RESULT IMAGE: Resized to 400x225
✅ DISPLAY RESULT IMAGE: Image displayed in label
🔄 DISPLAY CROPPED IMAGES: Starting to display 1 crops
✅ DISPLAY CROPPED IMAGES: Cleared existing crops
✅ DISPLAY CROPPED IMAGES: Displayed 1 cropped images
✅ DISPLAY FROM QUEUE: Bottle result displayed
🎯 DISPLAY: Bottle type detected: M110 (ขวดผ่าน, จากคิว)
🎯 BOTTLE TYPE DETECTED: M110 (OCR: 'น้ำเต้าหู้ สูตรน้ำตาล 2%') [from queue]
📋 DISPLAY: Displaying cap results from queue
📋 DISPLAY FROM QUEUE: Displaying cap result from queue
❌ DISPLAY FROM QUEUE ERROR: The truth value of an array with more than one element is ambiguous. Use a.any() or a.all()
Traceback (most recent call last):
  File "/home/nvidia/Desktop/final_boss/backupsdcard/final/gui/handlers/cap_handlers.py", line 740, in display_result_from_queue
    cap_img = result.get('image') or result.get('processed_image')
ValueError: The truth value of an array with more than one element is ambiguous. Use a.any() or a.all()
🔍 CAP VALIDATION: Validating cap result for M110
❌ CAP VALIDATION: No OCR results found
❌ DISPLAY: ฝาไม่ผ่านหรือขวดไม่ผ่าน - Writing D7009 = 50 (NG)
🔄 write_register: กำลังเขียน D7009 = 50
✅ Modbus client พร้อมใช้งาน - กำลังส่งคำสั่ง
✅ Write D7009 = 50 สำเร็จ
✅ ON M140: D7009 = 50 (ฝาไม่ผ่าน - ไม่ตรงกับฟอร์ม)
🏷️ D7009 = 50 (ฝาไม่ผ่านหรือขวดไม่ผ่าน)
✅ ON M600 = True
⏳ รอ M401 ON เพื่อ RESET M600, M100, M110, M120, M130, M140...
✅ HISTORY: Cap image found: True
✅ HISTORY: Faded status: normal, total_area: 1722, num_chars: 4
✅ HISTORY: Added entry - M110 at 2026-02-15 17:40:11
✅ DISPLAY: Results displayed and Modbus signals sent
📉 M301 RESET: ON → OFF
📋 M600 ยังไม่ reset - ถ่ายภาพและประมวลผลทันที (เก็บผลลัพธ์ไว้)
📋 เพิ่มคิวผลลัพธ์ (คิวปัจจุบัน: 1)
🔇 SILENT TRIGGER RECEIVED - Starting silent capture and processing
🔇 SILENT CAPTURE: Starting silent image capture and processing...
🔇 SILENT CAPTURE: Attempt 1/3
📸 Captured latest frame: (1080, 1920, 3)
✅ SILENT CAPTURE: Success on attempt 1
🔇 SILENT CAPTURE: Image shape: (1080, 1920, 3)
🔇 SILENT PROCESS: Starting silent processing...
🔇 SILENT PROCESS: Processing thread started
🔇 SILENT CAPTURE: Starting silent Sentech image capture and processing...🔄 BOTTLE DETECTION THREAD: Starting processing...

🔄 BOTTLE DETECTION THREAD: Image shape: (1080, 1920, 3)📸 Capturing latest frame with Harvesters...

🔄 Flushing old frames from buffer...
  Flushing buffer... (flushed 1 frames)
  Flushing buffer... (flushed 2 frames)
  Flushing buffer... (flushed 3 frames)
  Flushing buffer... (flushed 4 frames)🔄 BOTTLE DETECTION THREAD: Saved temp image

🔄 BOTTLE DETECTION THREAD: Calling process_bottle_image_simple...
  Flushing buffer... (flushed 5 frames)

  ✅ Flushed 27 old frame(s) from buffer
  ⏳ Waiting for new frame...
📸 Fetching latest frame...
  Image data shape: (5013504,)
  Image dimensions: 2448x2048
  Data type: uint8
  Min value: 11, Max value: 255
✅ Captured latest frame: (2048, 2448)
🔇 SILENT CAPTURE: Image shape: (2048, 2448)
🔇 SILENT PROCESS: Starting silent cap processing...
🏷️ CAP AUTO CAPTURE: ส่ง bottle_type = M110 ไปยัง CapDetectionThread
🔇 SILENT PROCESS: Cap processing thread started
🔄 CAP DETECTION THREAD: Starting processing...
🔄 CAP DETECTION THREAD: Image shape: (2048, 2448)
🔄 CAP DETECTION THREAD: Saved temp image
🔄 CAP DETECTION THREAD: Step 1 - ตรวจจับฝา
📐 Resized image for detection: 2448x2048 -> 1280x1070 (scale: 0.523)
0: 384x640 1 angle1, 1 type, 3992.2ms
Speed: 43.9ms preprocess, 3992.2ms inference, 2.6ms postprocess per image at shape (1, 3, 384, 640)
🔍 Defect inspection (angle1): score=0.2038 -> Good
🔄 BOTTLE DETECTION THREAD: Processing result type: <class 'dict'>
🔄 BOTTLE DETECTION THREAD: Processing result keys: ['detections', 'type_crops', 'angle1_crops', 'summary', 'original_image', 'defect_inspection']
🔍 BOTTLE DETECTION THREAD: YOLO detections: [{'bbox': (824, 24, 1298, 930), 'label': 'angle1', 'confidence': 0.9242532849311829, 'type': 'bottle'}, {'bbox': (912, 614, 1251, 768), 'label': 'type', 'confidence': 0.8991889357566833, 'type': 'bottle'}]
🔍 BOTTLE DETECTION THREAD: Summary: {'total_detections': 2, 'type_detections': 1, 'detected_labels': ['angle1', 'type'], 'has_type': True, 'angle1_detections': 1}
❌ BOTTLE DETECTION THREAD: 'angle3' not found in YOLO detections
🔄 BOTTLE DETECTION THREAD: Found 1 type crops
🔄 BOTTLE DETECTION THREAD: Processing crop 1
✅ M401 ON มาถึงแล้ว! (คิว: 1)
✅ RESET M600 = 0
🔄 write_register: กำลังเขียน D7009 = 0
✅ Modbus client พร้อมใช้งาน - กำลังส่งคำสั่ง
✅ Write D7009 = 0 สำเร็จ
✅ RESET D7009 = 0 (พร้อมรับค่าใหม่)
✅ RESET M100 = 0
✅ RESET M110 = 0
✅ RESET M120 = 0
✅ RESET M130 = 0
✅ RESET M140 = 0
✅ RESET M720 = 0
✅ RESET M721 = 0
✅ RESET M722 = 0
✅ RESET M730 = 0
✅ RESET M731 = 0
✅ RESET M732 = 0
✅ RESET M733 = 0
✅ RESET M734 = 0
✅ RESET M735 = 0
✅ RESET M740 = 0
✅ RESET M741 = 0
✅ RESET M742 = 0
⏳ รอผลจากคิว (ยังประมวลผลไม่เสร็จ, คิว: 1) - ไม่ถ่ายภาพใหม่
✅ พบฝาทั้งหมด: 1 ฝา
   📍 ฝาที่ 1: ความเชื่อมั่น = 0.9597 (95.97%) | Class: bottle_cap | BBox: [1038, 602, 1228, 798]
🔄 CAP DETECTION THREAD: Step 2 - ตัดภาพ
🔄 CAP DETECTION THREAD: พบฝา 1 ฝา
🔄 CAP DETECTION THREAD: ตรวจสอบตำแหน่งฝา 1 ฝา
🔄 CAP DETECTION THREAD: ฝาที่ 1 - y_center: 700.0, ความเชื่อมั่น: 0.9597 (95.97%)
🔄 CAP DETECTION THREAD: เลือกฝาที่ 1 (y_center: 700.0, ความเชื่อมั่น: 0.9597 (95.97%)) เป็นฝาล่างสุด
✅ CAP DETECTION THREAD: เลือกฝาที่ 1 (ฝาล่างสุด) จาก 1 ฝา | ความเชื่อมั่น: 0.9597 (95.97%)
🔄 CAP DETECTION THREAD: ประมวลผลฝาที่ 1 (ฝาล่างสุด) (ความเชื่อมั่น: 95.97%)
🔄 CAP DETECTION THREAD: Step 2a - ปรับความคมชัดฝาที่ 1 ก่อน CRAFT
🔧 Enhancing cap image sharpness...
✅ Cap image sharpness enhanced
✅ OCR: Found 3 text regions
✅ OCR Text: น้ำเต้าหู้ สูตรน้ำตาล 2%
🔄 BOTTLE DETECTION THREAD: Crop 1 OCR results: 3
📝 BOTTLE DETECTION THREAD: Combined OCR Text: 'น้ำเต้าหู้ สูตรน้ำตาล 2%'
🏷️ BOTTLE DETECTION THREAD: Detected Bottle Type: M110
🔄 BOTTLE DETECTION THREAD: Emitting result...
✅ CRAFT: Rotated image by 25.92 degrees
🔄 CAP DETECTION THREAD: Step 2a.5 - ตรวจสอบรอยจางในฝาที่ 1 (ก่อน CRAFT)
🔍 CAP DETECTION THREAD: ใช้ค่ากลางที่วิเคราะห์ได้ (brightness: 33) สำหรับการปรับภาพ
🔍 ENHANCE IMAGE: ใช้ค่ากลางที่วิเคราะห์ได้ - brightness=33, contrast=1.8
🔍 ใช้ Edges โดยตรงมาทำ Text Edges
🔍 AREA_THRESH = 0 — ปิดเกณฑ์จาง (ถือว่า normal)
Faded text detection - Components: 7, Area: 1414, Status: normal
🔄 CAP DETECTION THREAD: ตรวจสอบรอยจางฝาที่ 1 สำเร็จ - สถานะ: normal
📊 CAP DETECTION THREAD: total_area = 1414, num_chars = 7
🔄 CAP DETECTION THREAD: CRAFT หมุนฝาที่ 1 สำเร็จ
🔄 CACHE MISS: Processing new image (hash: bfbd0ed2...)
🚀 ROTATION RETRY: Starting parallel processing (5 rotations simultaneously)...
🚀 PARALLEL: CUDA available - GPU: Xavier
🚀 PARALLEL: Testing 5 rotations with 5 workers...
Split large region: 110x38 -> 2 parts (min_width=65, min_height=30)
Input tensor shape: torch.Size([1, 1, 64, 200])
Input tensor shape: torch.Size([1, 1, 64, 200])
Input tensor shape: torch.Size([1, 1, 64, 200])
Input tensor shape: torch.Size([1, 1, 64, 200])
✅ PROCESS COMPLETE: Processing finished
🔇 SILENT MODE: Storing result in queue (no UI display, no Modbus signals)
🔇 SILENT MODE: Bottle result stored, waiting for cap result...
Input tensor shape: torch.Size([1, 1, 64, 200])
Input tensor shape: torch.Size([1, 1, 64, 200])
Input tensor shape: torch.Size([1, 1, 64, 200])
Input tensor shape: torch.Size([1, 1, 64, 200])
Input tensor shape: torch.Size([1, 1, 64, 200])
Input tensor shape: torch.Size([1, 1, 64, 200])
Input tensor shape: torch.Size([1, 1, 64, 200])
Input tensor shape: torch.Size([1, 1, 64, 200])
❌ NO MFG: First line does not contain MFG/BBF: '04'
❌ NO MFG: First line does not contain MFG/BBF: 'M'
✅ MFG FOUND: First line contains MFG/BBF: 'MFG24/06/25'
✅ PARALLEL: Found valid MFG at 180° - Stopping all other tasks
❌ NO MFG: First line does not contain MFG/BBF: '0'
💾 CACHE: Stored result for image hash bfbd0ed2... (cache size: 4)
🔄 CAP DETECTION THREAD: Rotation ฝาที่ 1 สำเร็จ
🔄 CAP DETECTION THREAD: ตรวจจับบรรทัดข้อความฝาที่ 1 สำเร็จ
Input tensor shape: torch.Size([1, 1, 64, 200])
Input tensor shape: torch.Size([1, 1, 64, 200])
Input tensor shape: torch.Size([1, 1, 64, 200])
🔄 CAP DETECTION THREAD: OCR ฝาที่ 1 สำเร็จ - อ่านได้ 6 รายการ
🔄 CAP DETECTION THREAD: ลบไฟล์ชั่วคราวแล้ว
🔄 CAP DETECTION THREAD: Emitting result...
✅ CAP PROCESS COMPLETE: Cap detection finished
🔇 SILENT MODE: Storing cap result in queue (no UI display, no Modbus signals)
🔇 SILENT MODE: ผลพร้อม — แสดงจากคิวทันที (ลดคิวเหลือ: 0)
📋 RESULT READY TO DISPLAY - Showing results from queue and sending Modbus signals
📋 DISPLAY: Displaying bottle results from queue
📋 DISPLAY FROM QUEUE: Displaying bottle result from queue
🔄 DISPLAY SINGLE RESULTS: Starting to display results
🔄 DISPLAY SINGLE RESULTS: Summary: {'total_detections': 2, 'type_detections': 1, 'detected_labels': ['angle1', 'type'], 'has_type': True, 'angle1_detections': 1}
🔄 DISPLAY SINGLE RESULTS: Detections: 2
✅ DISPLAY SINGLE RESULTS: Results text set
QWidget::setMinimumSize: (/QWidget) Negative sizes (-1,0) are not possible
QWidget::setMaximumSize: (/QWidget) Negative sizes (-1,16777215) are not possible
🔄 DISPLAY RESULT IMAGE: Image shape: (1080, 1920, 3)
🔄 DISPLAY RESULT IMAGE: Resized to 400x225
✅ DISPLAY RESULT IMAGE: Image displayed in label
🔄 DISPLAY CROPPED IMAGES: Starting to display 1 crops
✅ DISPLAY CROPPED IMAGES: Cleared existing crops
✅ DISPLAY CROPPED IMAGES: Displayed 1 cropped images
✅ DISPLAY FROM QUEUE: Bottle result displayed
🎯 DISPLAY: Bottle type detected: M110 (ขวดผ่าน, จากคิว)
🎯 BOTTLE TYPE DETECTED: M110 (OCR: 'น้ำเต้าหู้ สูตรน้ำตาล 2%') [from queue]
📋 DISPLAY: Displaying cap results from queue
📋 DISPLAY FROM QUEUE: Displaying cap result from queue
❌ DISPLAY FROM QUEUE ERROR: The truth value of an array with more than one element is ambiguous. Use a.any() or a.all()
Traceback (most recent call last):
  File "/home/nvidia/Desktop/final_boss/backupsdcard/final/gui/handlers/cap_handlers.py", line 740, in display_result_from_queue
    cap_img = result.get('image') or result.get('processed_image')
ValueError: The truth value of an array with more than one element is ambiguous. Use a.any() or a.all()
🔍 CAP VALIDATION: Validating cap result for M110
🔍 CAP VALIDATION: Using cap_processing_results
🔍 CAP VALIDATION: Faded text status: normal
🔍 CAP VALIDATION: Using all values (text only)
🔍 CAP VALIDATION: OCR text: 'MFG24/06/25 BB:12/07/25 17 2026-02-15 17:40:37.352491'
🔍 DATE TIME VALIDATION: Checking format for text: 'MFG24/06/25 BB:12/07/25 17 2026-02-15 17:40:37.352...'
🔍 DATE TIME VALIDATION: has_date=True, has_time=True, format_valid=True
🔍 DATE TIME VALIDATION: Normal mode - no expiry filtering
✅ DISPLAY: Cap + Bottle passed - Sending Modbus signals
🏷️ WRITE BOTTLE TYPE TO D7009 AFTER CAP VALIDATION: M110
🔄 write_register: กำลังเขียน D7009 = 20
✅ Modbus client พร้อมใช้งาน - กำลังส่งคำสั่ง
✅ Write D7009 = 20 สำเร็จ
✅ ON M110: D7009 = 20 (น้ำตาล 2%)
🏷️ ON M110 (พบคำว่า '2%' - ฝาผ่าน)
⏳ ON M600 และรอ M401 ON เพื่อ reset ทั้งหมด...
✅ ON M600 = True
⏳ รอ M401 ON เพื่อ RESET M600, M100, M110, M120, M130, M140...
✅ BOTTLE TYPE ON SUCCESS: M110 + M600
✅ HISTORY: Line 1: MFG24/06/25
✅ HISTORY: Line 2: BB:12/07/25
✅ HISTORY: Line 3: 17
✅ HISTORY: Expiry date (lines 1-3): MFG24/06/25
BB:12/07/25
17
✅ HISTORY: Combined 3 cropped lines into cap image
✅ HISTORY: Cap image found: True
✅ HISTORY: Faded status: normal, total_area: 1414, num_chars: 7
✅ HISTORY: Added entry - M110 at 2026-02-15 17:40:45
✅ DISPLAY: Results displayed and Modbus signals sent
📉 M301 RESET: ON → OFF
✅ M401 ON มาถึงแล้ว! (คิว: 0)
✅ RESET M600 = 0
🔄 write_register: กำลังเขียน D7009 = 0
✅ Modbus client พร้อมใช้งาน - กำลังส่งคำสั่ง
✅ Write D7009 = 0 สำเร็จ
✅ RESET D7009 = 0 (พร้อมรับค่าใหม่)
✅ RESET M100 = 0
✅ RESET M110 = 0
✅ RESET M120 = 0
✅ RESET M130 = 0
✅ RESET M140 = 0
✅ RESET M720 = 0
✅ RESET M721 = 0
✅ RESET M722 = 0
✅ RESET M730 = 0
✅ RESET M731 = 0
✅ RESET M732 = 0
✅ RESET M733 = 0
✅ RESET M734 = 0
✅ RESET M735 = 0
✅ RESET M740 = 0
✅ RESET M741 = 0
✅ RESET M742 = 0
✅ ไม่มีคิวถ่ายภาพ พร้อมรับ M301 ใหม่
🚀 M600 พร้อม - เริ่มถ่ายภาพทันที
🎯 MODBUS TRIGGER RECEIVED - Starting capture sequence (worker thread)
📸 CAPTURE BOTH: กำลังถ่ายภาพจาก USB...
📸 CAPTURE BOTH USB: Attempt 1/3
📸 Captured latest frame: (1080, 1920, 3)
✅ CAPTURE BOTH USB: Success on attempt 1
📸 CAPTURE BOTH: กำลังถ่ายภาพจาก Sentech...
📸 Capturing latest frame with Harvesters...
🔄 Flushing old frames from buffer...
  Flushing buffer... (flushed 1 frames)
  Flushing buffer... (flushed 2 frames)
  Flushing buffer... (flushed 3 frames)
  Flushing buffer... (flushed 4 frames)
  Flushing buffer... (flushed 5 frames)
  ✅ Flushed 31 old frame(s) from buffer
  ⏳ Waiting for new frame...
📸 Fetching latest frame...
  Image data shape: (5013504,)
  Image dimensions: 2448x2048
  Data type: uint8
  Min value: 10, Max value: 255
✅ Captured latest frame: (2048, 2448)
📸 CAPTURE BOTH Sentech: Result = True
✅ CAPTURE BOTH: USB image captured and displayed
🔍 Display image shape: (2048, 2448), dtype: uint8
🔍 Display image min: 11, max: 255
✅ Image displayed successfully: (2048, 2448, 3) -> scaled to 597x500 (full image visible)
✅ CAPTURE BOTH: เปิดใช้งานปุ่มประมวลผลฝา (มีภาพจาก Sentech)
✅ CAPTURE BOTH: Sentech image captured and displayed
🔄 PROCESS: Starting processing for image shape: (1080, 1920, 3)
🔄 PROCESS: Creating BottleDetectionThread...
🔄 PROCESS: Starting processing thread...
🔄 PROCESS: Using selected tastes: ['M110', 'M120']
🔄 BOTTLE DETECTION THREAD: Starting processing...
🔄 BOTTLE DETECTION THREAD: Image shape: (1080, 1920, 3)
🔄 BOTTLE DETECTION THREAD: Saved temp image
🔄 BOTTLE DETECTION THREAD: Calling process_bottle_image_simple...

0: 384x640 1 angle1, 1 type, 4007.2ms
Speed: 5.5ms preprocess, 4007.2ms inference, 9.5ms postprocess per image at shape (1, 3, 384, 640)
🔍 Defect inspection (angle1): score=0.1239 -> Good
🔄 BOTTLE DETECTION THREAD: Processing result type: <class 'dict'>
🔄 BOTTLE DETECTION THREAD: Processing result keys: ['detections', 'type_crops', 'angle1_crops', 'summary', 'original_image', 'defect_inspection']
🔍 BOTTLE DETECTION THREAD: YOLO detections: [{'bbox': (830, 0, 1308, 922), 'label': 'angle1', 'confidence': 0.9546341300010681, 'type': 'bottle'}, {'bbox': (942, 507, 1275, 663), 'label': 'type', 'confidence': 0.8948445320129395, 'type': 'bottle'}]
🔍 BOTTLE DETECTION THREAD: Summary: {'total_detections': 2, 'type_detections': 1, 'detected_labels': ['angle1', 'type'], 'has_type': True, 'angle1_detections': 1}
❌ BOTTLE DETECTION THREAD: 'angle3' not found in YOLO detections
🔄 BOTTLE DETECTION THREAD: Found 1 type crops
🔄 BOTTLE DETECTION THREAD: Processing crop 1
✅ OCR: Found 3 text regions
✅ OCR Text: น้ำเต้าหู้ สูตรน้ำตาล 2%
🔄 BOTTLE DETECTION THREAD: Crop 1 OCR results: 3
📝 BOTTLE DETECTION THREAD: Combined OCR Text: 'น้ำเต้าหู้ สูตรน้ำตาล 2%'
🏷️ BOTTLE DETECTION THREAD: Detected Bottle Type: M110
🔄 BOTTLE DETECTION THREAD: Emitting result...
✅ PROCESS COMPLETE: Processing finished
✅ PROCESS COMPLETE: No error in result
✅ PROCESS COMPLETE: Result keys: ['detections', 'type_crops', 'angle1_crops', 'summary', 'original_image', 'defect_inspection', 'image', 'image_shape', 'combined_ocr_text', 'bottle_type']
🔄 PROCESS COMPLETE: Displaying results in text area...
🔄 DISPLAY SINGLE RESULTS: Starting to display results
🔄 DISPLAY SINGLE RESULTS: Summary: {'total_detections': 2, 'type_detections': 1, 'detected_labels': ['angle1', 'type'], 'has_type': True, 'angle1_detections': 1}
🔄 DISPLAY SINGLE RESULTS: Detections: 2
✅ DISPLAY SINGLE RESULTS: Results text set
✅ PROCESS COMPLETE: Results displayed in text area
🔄 PROCESS COMPLETE: Drawing 2 detections on image...
🔄 DISPLAY RESULT IMAGE: Image shape: (1080, 1920, 3)
🔄 DISPLAY RESULT IMAGE: Resized to 400x225
✅ DISPLAY RESULT IMAGE: Image displayed in label
✅ PROCESS COMPLETE: Result image displayed
🔄 PROCESS COMPLETE: Displaying 1 cropped images...
🔄 DISPLAY CROPPED IMAGES: Starting to display 1 crops
✅ DISPLAY CROPPED IMAGES: Cleared existing crops
✅ DISPLAY CROPPED IMAGES: Displayed 1 cropped images
✅ PROCESS COMPLETE: Cropped images displayed
🎯 PROCESS COMPLETE: Bottle type detected: M110
📝 PROCESS COMPLETE: OCR text: 'น้ำเต้าหู้ สูตรน้ำตาล 2%'
🎯 BOTTLE TYPE DETECTED: M110 (OCR: 'น้ำเต้าหู้ สูตรน้ำตาล 2%')
⏳ ตรวจพบ: M110 - รอผลลัพธ์ฝาก่อน ON Modbus...
🔄 AUTO CAP PROCESS: เริ่มประมวลผลฝา...
✅ CAP PROCESSING UI: Displayed processing state for cap detection
🔍 AUTO CAP PROCESS: Calling process_cap_detection()...
🔄 CAP PROCESS: Starting cap detection for image shape: (2048, 2448) (from Sentech camera)
🔍 CAP PROCESS: ใช้ค่ากลางที่วิเคราะห์ได้ (brightness: 33) สำหรับการปรับภาพ
✅ CAP PROCESSING UI: Displayed processing state for cap detection
🔄 CAP PROCESS: Starting cap detection thread...
🔍 AUTO CAP PROCESS: process_cap_detection() completed
🔄 CAP DETECTION THREAD: Starting processing...
🔄 CAP DETECTION THREAD: Image shape: (2048, 2448)
🔍 AUTO CAP PROCESS: Cap processing started (ผลจะแสดงเมื่อประมวลผลฝาเสร็จ)
🔄 CAP DETECTION THREAD: Saved temp image
🔄 CAP DETECTION THREAD: Step 1 - ตรวจจับฝา
📐 Resized image for detection: 2448x2048 -> 1280x1070 (scale: 0.523)
✅ พบฝาทั้งหมด: 2 ฝา
   📍 ฝาที่ 1: ความเชื่อมั่น = 0.9595 (95.95%) | Class: bottle_cap | BBox: [1038, 598, 1229, 795]
   📍 ฝาที่ 2: ความเชื่อมั่น = 0.9569 (95.69%) | Class: bottle_cap | BBox: [1035, 326, 1228, 520]
🔄 CAP DETECTION THREAD: Step 2 - ตัดภาพ
🔄 CAP DETECTION THREAD: พบฝา 2 ฝา
🔄 CAP DETECTION THREAD: ตรวจสอบตำแหน่งฝา 2 ฝา
🔄 CAP DETECTION THREAD: ฝาที่ 1 - y_center: 696.5, ความเชื่อมั่น: 0.9595 (95.95%)
🔄 CAP DETECTION THREAD: ฝาที่ 2 - y_center: 423.0, ความเชื่อมั่น: 0.9569 (95.69%)
🔄 CAP DETECTION THREAD: เลือกฝาที่ 1 (y_center: 696.5, ความเชื่อมั่น: 0.9595 (95.95%)) เป็นฝาล่างสุด
✅ CAP DETECTION THREAD: เลือกฝาที่ 1 (ฝาล่างสุด) จาก 2 ฝา | ความเชื่อมั่น: 0.9595 (95.95%)
🔄 CAP DETECTION THREAD: ประมวลผลฝาที่ 1 (ฝาล่างสุด) (ความเชื่อมั่น: 95.95%)
🔄 CAP DETECTION THREAD: Step 2a - ปรับความคมชัดฝาที่ 1 ก่อน CRAFT
🔧 Enhancing cap image sharpness...
✅ Cap image sharpness enhanced
✅ CRAFT: Rotated image by -13.35 degrees
🔄 CAP DETECTION THREAD: Step 2a.5 - ตรวจสอบรอยจางในฝาที่ 1 (ก่อน CRAFT)
🔍 CAP DETECTION THREAD: ใช้ค่ากลางที่วิเคราะห์ได้ (brightness: 33) สำหรับการปรับภาพ
🔍 ENHANCE IMAGE: ใช้ค่ากลางที่วิเคราะห์ได้ - brightness=33, contrast=1.8
🔍 ใช้ Edges โดยตรงมาทำ Text Edges
🔍 AREA_THRESH = 0 — ปิดเกณฑ์จาง (ถือว่า normal)
Faded text detection - Components: 9, Area: 1506, Status: normal
🔄 CAP DETECTION THREAD: ตรวจสอบรอยจางฝาที่ 1 สำเร็จ - สถานะ: normal
📊 CAP DETECTION THREAD: total_area = 1506, num_chars = 9
🔄 CAP DETECTION THREAD: CRAFT หมุนฝาที่ 1 สำเร็จ
🔄 CACHE MISS: Processing new image (hash: b3e02439...)
🚀 ROTATION RETRY: Starting parallel processing (5 rotations simultaneously)...
🚀 PARALLEL: CUDA available - GPU: Xavier
🚀 PARALLEL: Testing 5 rotations with 5 workers...
Input tensor shape: torch.Size([1, 1, 64, 200])
Input tensor shape: torch.Size([1, 1, 64, 200])
Split large region: 68x75 -> 2 parts (min_width=65, min_height=30)
Input tensor shape: torch.Size([1, 1, 64, 200])
Input tensor shape: torch.Size([1, 1, 64, 200])
Input tensor shape: torch.Size([1, 1, 64, 200])
Input tensor shape: torch.Size([1, 1, 64, 200])Input tensor shape: torch.Size([1, 1, 64, 200])

❌ NO MFG: First line does not contain MFG/BBF: '07'
Input tensor shape: torch.Size([1, 1, 64, 200])
Input tensor shape: torch.Size([1, 1, 64, 200])
Input tensor shape: torch.Size([1, 1, 64, 200])
❌ NO MFG: First line does not contain MFG/BBF: '1'
❌ NO MFG: First line does not contain MFG/BBF: '20:50000'
✅ MFG FOUND: First line contains MFG/BBF: 'MFG18/01/26'
✅ PARALLEL: Found valid MFG at 180° - Stopping all other tasks
💾 CACHE: Stored result for image hash b3e02439... (cache size: 5)
🔄 CAP DETECTION THREAD: Rotation ฝาที่ 1 สำเร็จ
🔄 CAP DETECTION THREAD: ตรวจจับบรรทัดข้อความฝาที่ 1 สำเร็จ
Input tensor shape: torch.Size([1, 1, 64, 200])
Input tensor shape: torch.Size([1, 1, 64, 200])
Input tensor shape: torch.Size([1, 1, 64, 200])
🔄 CAP DETECTION THREAD: OCR ฝาที่ 1 สำเร็จ - อ่านได้ 6 รายการ
🔄 CAP DETECTION THREAD: ลบไฟล์ชั่วคราวแล้ว
🔄 CAP DETECTION THREAD: Emitting result...
✅ CAP PROCESS COMPLETE: Cap detection finished
✅ CAP PROCESS COMPLETE: No error in result
✅ CAP PROCESS COMPLETE: Result keys: ['cap_result', 'processed_image', 'cropped_images', 'image', 'image_shape', 'cap_processing_results']
ℹ️ CAP PROCESS COMPLETE: Skipping early validation - will validate after processing is complete
🔍 DEBUG: display_cap_detection_results called with result type: <class 'dict'>
🔍 DEBUG: Found 2 cap processing results
🔍 DEBUG: Cap 1 result keys: ['cap_index', 'original_crop', 'craft_result', 'faded_text_result', 'craft_rotated_image', 'rotated_image', 'combined_result', 'line_detection_result', 'ocr_results']
🔍 DEBUG: Cap 1 has line_detection_result: True
🔍 DEBUG: Cap 1 has ocr_results: True
🔍 DEBUG: Cap 1 OCR results count: 6
🔍 DEBUG: Cap 1 line detection result type: <class 'dict'>
🔍 DEBUG: Cap 1 line detection keys: ['image_path', 'original_image', 'lines', 'total_lines', 'total_text_regions', 'text_boxes', 'text_polys', 'cropped_lines', 'settings_used', 'timestamp', 'rotation_info']
🔍 DEBUG: Cap 1 has error: False
🔍 DEBUG: Cap 1 cropped_lines count: 3
🔍 DEBUG: Cap 1 first cropped_line type: <class 'dict'>
🔍 DEBUG: Cap 1 first cropped_line keys: ['line_index', 'image', 'bbox', 'num_characters']
🔍 DEBUG: Cap 1 has line_detection_result
🔍 DEBUG: Line detection result keys: ['image_path', 'original_image', 'lines', 'total_lines', 'total_text_regions', 'text_boxes', 'text_polys', 'cropped_lines', 'settings_used', 'timestamp', 'rotation_info']
🔍 DEBUG: Number of cropped lines: 3
🔍 DEBUG: Found 3 cropped lines
🔍 DEBUG: First cropped line type: <class 'dict'>
🔍 DEBUG: First cropped line keys: ['line_index', 'image', 'bbox', 'num_characters']
🔍 DEBUG: Processing line 1, shape: (16, 115, 3)
🔍 DEBUG: Added line 1 to UI
🔍 DEBUG: Processing line 2, shape: (16, 115, 3)
🔍 DEBUG: Added line 2 to UI
🔍 DEBUG: Processing line 3, shape: (16, 77, 3)
🔍 DEBUG: Added line 3 to UI
🔍 DEBUG: Cap 2 result keys: ['cap_index', 'original_crop', 'craft_result', 'faded_text_result', 'craft_rotated_image', 'rotated_image', 'combined_result', 'line_detection_result', 'ocr_results']
🔍 DEBUG: Cap 2 has line_detection_result: True
🔍 DEBUG: Cap 2 has ocr_results: True
🔍 DEBUG: Cap 2 OCR results count: 6
🔍 DEBUG: Cap 2 line detection result type: <class 'dict'>
🔍 DEBUG: Cap 2 line detection keys: ['image_path', 'original_image', 'lines', 'total_lines', 'total_text_regions', 'text_boxes', 'text_polys', 'cropped_lines', 'settings_used', 'timestamp', 'rotation_info']
🔍 DEBUG: Cap 2 has error: False
🔍 DEBUG: Cap 2 cropped_lines count: 3
🔍 DEBUG: Cap 2 first cropped_line type: <class 'dict'>
🔍 DEBUG: Cap 2 first cropped_line keys: ['line_index', 'image', 'bbox', 'num_characters']
🔍 DEBUG: Cap 1 has line_detection_result
🔍 DEBUG: Line detection result keys: ['image_path', 'original_image', 'lines', 'total_lines', 'total_text_regions', 'text_boxes', 'text_polys', 'cropped_lines', 'settings_used', 'timestamp', 'rotation_info']
🔍 DEBUG: Number of cropped lines: 3
🔍 DEBUG: Found 3 cropped lines
🔍 DEBUG: First cropped line type: <class 'dict'>
🔍 DEBUG: First cropped line keys: ['line_index', 'image', 'bbox', 'num_characters']
🔍 DEBUG: Processing line 1, shape: (16, 115, 3)
🔍 DEBUG: Added line 1 to UI
🔍 DEBUG: Processing line 2, shape: (16, 115, 3)
🔍 DEBUG: Added line 2 to UI
🔍 DEBUG: Processing line 3, shape: (16, 77, 3)
🔍 DEBUG: Added line 3 to UI
✅ CAP PROCESSING COMPLETE UI: Displayed complete state for cap detection
🔍 CAP PROCESS COMPLETE: Bottle type is M110 - Validating cap result...
🔍 CAP PROCESS COMPLETE: Result keys: ['cap_result', 'processed_image', 'cropped_images', 'image', 'image_shape', 'cap_processing_results']
🔍 CAP VALIDATION: Validating cap result for M110
🔍 CAP VALIDATION: Using cap_processing_results
🔍 CAP VALIDATION: Faded text status: normal
🔍 CAP VALIDATION: Using all values (text only)
🔍 CAP VALIDATION: OCR text: 'MFG18/01/26 BBF05/02/25 09:08S02 2026-02-15 17:41:40.581436'
🔍 DATE TIME VALIDATION: Checking format for text: 'MFG18/01/26 BBF05/02/25 09:08S02 2026-02-15 17:41:...'
🔍 DATE TIME VALIDATION: has_date=True, has_time=True, format_valid=True
🔍 DATE TIME VALIDATION: Normal mode - no expiry filtering
🔍 CAP PROCESS COMPLETE: Validation result: True
✅ CAP VALIDATION PASSED: ฝาผ่าน + ขวดผ่าน - Sending Modbus signals
✅ CAP PROCESS COMPLETE: Calling on_bottle_type_after_cap_validation()
✅ CAP PROCESS COMPLETE: Modbus thread is available - Sending signals
🏷️ WRITE BOTTLE TYPE TO D7009 AFTER CAP VALIDATION: M110
🔄 write_register: กำลังเขียน D7009 = 20
✅ Modbus client พร้อมใช้งาน - กำลังส่งคำสั่ง
✅ Write D7009 = 20 สำเร็จ
✅ ON M110: D7009 = 20 (น้ำตาล 2%)
🏷️ ON M110 (พบคำว่า '2%' - ฝาผ่าน)
⏳ ON M600 และรอ M401 ON เพื่อ reset ทั้งหมด...
✅ ON M600 = True
⏳ รอ M401 ON เพื่อ RESET M600, M100, M110, M120, M130, M140...
✅ BOTTLE TYPE ON SUCCESS: M110 + M600
📋 CAP PROCESS COMPLETE: Adding to history with cap result
✅ HISTORY: Line 1: MFG18/01/26
✅ HISTORY: Line 2: BBF05/02/25
✅ HISTORY: Line 3: 09:08S02
✅ HISTORY: Expiry date (lines 1-3): MFG18/01/26
BBF05/02/25
09:08S02
✅ HISTORY: Combined 3 cropped lines into cap image
✅ HISTORY: Cap image found: True
✅ HISTORY: Faded status: normal, total_area: 1506, num_chars: 9
✅ HISTORY: Added entry - M110 at 2026-02-15 17:41:47
📉 M301 RESET: ON → OFF
📋 M600 ยังไม่ reset - ถ่ายภาพและประมวลผลทันที (เก็บผลลัพธ์ไว้)
📋 เพิ่มคิวผลลัพธ์ (คิวปัจจุบัน: 1)
🔇 SILENT TRIGGER RECEIVED - Starting silent capture and processing
🔇 SILENT CAPTURE: Starting silent image capture and processing...
🔇 SILENT CAPTURE: Attempt 1/3
📸 Captured latest frame: (1080, 1920, 3)
✅ SILENT CAPTURE: Success on attempt 1
🔇 SILENT CAPTURE: Image shape: (1080, 1920, 3)
🔇 SILENT PROCESS: Starting silent processing...
🔇 SILENT PROCESS: Processing thread started🔄 BOTTLE DETECTION THREAD: Starting processing...
🔄 BOTTLE DETECTION THREAD: Image shape: (1080, 1920, 3)

🔇 SILENT CAPTURE: Starting silent Sentech image capture and processing...
🔄 BOTTLE DETECTION THREAD: Saved temp image
🔄 BOTTLE DETECTION THREAD: Calling process_bottle_image_simple...

📸 Capturing latest frame with Harvesters...
🔄 Flushing old frames from buffer...
  Flushing buffer... (flushed 1 frames)
  Flushing buffer... (flushed 2 frames)
  Flushing buffer... (flushed 3 frames)
  Flushing buffer... (flushed 4 frames)
  Flushing buffer... (flushed 5 frames)
  ✅ Flushed 29 old frame(s) from buffer
  ⏳ Waiting for new frame...
📸 Fetching latest frame...
  Image data shape: (5013504,)
  Image dimensions: 2448x2048
  Data type: uint8
  Min value: 11, Max value: 255
✅ Captured latest frame: (2048, 2448)
🔇 SILENT CAPTURE: Image shape: (2048, 2448)
🔇 SILENT PROCESS: Starting silent cap processing...
🏷️ CAP AUTO CAPTURE: ส่ง bottle_type = M110 ไปยัง CapDetectionThread
🔇 SILENT PROCESS: Cap processing thread started🔄 CAP DETECTION THREAD: Starting processing...
🔄 CAP DETECTION THREAD: Image shape: (2048, 2448)

🔄 CAP DETECTION THREAD: Saved temp image
🔄 CAP DETECTION THREAD: Step 1 - ตรวจจับฝา
📐 Resized image for detection: 2448x2048 -> 1280x1070 (scale: 0.523)
✅ M401 ON มาถึงแล้ว! (คิว: 1)
✅ RESET M600 = 0
🔄 write_register: กำลังเขียน D7009 = 0
✅ Modbus client พร้อมใช้งาน - กำลังส่งคำสั่ง
✅ Write D7009 = 0 สำเร็จ
✅ RESET D7009 = 0 (พร้อมรับค่าใหม่)
✅ RESET M100 = 0
✅ RESET M110 = 0
✅ RESET M120 = 0
✅ RESET M130 = 0
✅ RESET M140 = 0
✅ RESET M720 = 0
✅ RESET M721 = 0
✅ RESET M722 = 0
✅ RESET M730 = 0
✅ RESET M731 = 0
✅ RESET M732 = 0
✅ RESET M733 = 0
✅ RESET M734 = 0
✅ RESET M735 = 0
✅ RESET M740 = 0
0: 384x640 1 angle1, 1 type, 4716.5ms
✅ RESET M741 = 0Speed: 63.2ms preprocess, 4716.5ms inference, 167.9ms postprocess per image at shape (1, 3, 384, 640)

✅ RESET M742 = 0
⏳ รอผลจากคิว (ยังประมวลผลไม่เสร็จ, คิว: 1) - ไม่ถ่ายภาพใหม่
🔍 Defect inspection (angle1): score=0.1172 -> Good
🔄 BOTTLE DETECTION THREAD: Processing result type: <class 'dict'>
🔄 BOTTLE DETECTION THREAD: Processing result keys: ['detections', 'type_crops', 'angle1_crops', 'summary', 'original_image', 'defect_inspection']
🔍 BOTTLE DETECTION THREAD: YOLO detections: [{'bbox': (831, 0, 1305, 921), 'label': 'angle1', 'confidence': 0.9533395171165466, 'type': 'bottle'}, {'bbox': (932, 516, 1260, 674), 'label': 'type', 'confidence': 0.8866745233535767, 'type': 'bottle'}]
🔍 BOTTLE DETECTION THREAD: Summary: {'total_detections': 2, 'type_detections': 1, 'detected_labels': ['angle1', 'type'], 'has_type': True, 'angle1_detections': 1}
❌ BOTTLE DETECTION THREAD: 'angle3' not found in YOLO detections
🔄 BOTTLE DETECTION THREAD: Found 1 type crops
🔄 BOTTLE DETECTION THREAD: Processing crop 1
✅ OCR: Found 2 text regions
✅ OCR Text: ฝ้าเต่าห ศูตยฟาตาล 3%
🔄 BOTTLE DETECTION THREAD: Crop 1 OCR results: 2
📝 BOTTLE DETECTION THREAD: Combined OCR Text: 'ฝ้าเต่าห ศูตยฟาตาล 3%'
❌ BOTTLE DETECTION THREAD: ไม่พบคำว่า 'เดิม', '2%', หรือ 'ลัก'
🔄 BOTTLE DETECTION THREAD: Emitting result...
✅ PROCESS COMPLETE: Processing finished
🔇 SILENT MODE: Storing result in queue (no UI display, no Modbus signals)
🔇 SILENT MODE: Bottle result stored, waiting for cap result...
✅ พบฝาทั้งหมด: 1 ฝา
   📍 ฝาที่ 1: ความเชื่อมั่น = 0.9532 (95.32%) | Class: bottle_cap | BBox: [1041, 584, 1232, 779]
🔄 CAP DETECTION THREAD: Step 2 - ตัดภาพ
🔄 CAP DETECTION THREAD: พบฝา 1 ฝา
🔄 CAP DETECTION THREAD: ตรวจสอบตำแหน่งฝา 1 ฝา
🔄 CAP DETECTION THREAD: ฝาที่ 1 - y_center: 681.5, ความเชื่อมั่น: 0.9532 (95.32%)
🔄 CAP DETECTION THREAD: เลือกฝาที่ 1 (y_center: 681.5, ความเชื่อมั่น: 0.9532 (95.32%)) เป็นฝาล่างสุด
✅ CAP DETECTION THREAD: เลือกฝาที่ 1 (ฝาล่างสุด) จาก 1 ฝา | ความเชื่อมั่น: 0.9532 (95.32%)
🔄 CAP DETECTION THREAD: ประมวลผลฝาที่ 1 (ฝาล่างสุด) (ความเชื่อมั่น: 95.32%)
🔄 CAP DETECTION THREAD: Step 2a - ปรับความคมชัดฝาที่ 1 ก่อน CRAFT
🔧 Enhancing cap image sharpness...
✅ Cap image sharpness enhanced
✅ CRAFT: Rotated image by 48.81 degrees
🔄 CAP DETECTION THREAD: Step 2a.5 - ตรวจสอบรอยจางในฝาที่ 1 (ก่อน CRAFT)
🔍 CAP DETECTION THREAD: ใช้ค่ากลางที่วิเคราะห์ได้ (brightness: 33) สำหรับการปรับภาพ
🔍 ENHANCE IMAGE: ใช้ค่ากลางที่วิเคราะห์ได้ - brightness=33, contrast=1.8
🔍 ใช้ Edges โดยตรงมาทำ Text Edges
🔍 AREA_THRESH = 0 — ปิดเกณฑ์จาง (ถือว่า normal)
Faded text detection - Components: 7, Area: 304, Status: normal
🔄 CAP DETECTION THREAD: ตรวจสอบรอยจางฝาที่ 1 สำเร็จ - สถานะ: normal
📊 CAP DETECTION THREAD: total_area = 304, num_chars = 7
🔄 CAP DETECTION THREAD: CRAFT หมุนฝาที่ 1 สำเร็จ
🔄 CACHE MISS: Processing new image (hash: 518fa72e...)
🚀 ROTATION RETRY: Starting parallel processing (5 rotations simultaneously)...
🚀 PARALLEL: CUDA available - GPU: Xavier
🚀 PARALLEL: Testing 5 rotations with 5 workers...
Split large region: 106x46 -> 2 parts (min_width=65, min_height=30)
Split large region: 106x46 -> 2 parts (min_width=65, min_height=30)
Input tensor shape: torch.Size([1, 1, 64, 200])
Input tensor shape: torch.Size([1, 1, 64, 200])
Input tensor shape: torch.Size([1, 1, 64, 200])
Input tensor shape: torch.Size([1, 1, 64, 200])
Input tensor shape: torch.Size([1, 1, 64, 200])
Input tensor shape: torch.Size([1, 1, 64, 200])
Input tensor shape: torch.Size([1, 1, 64, 200])
Input tensor shape: torch.Size([1, 1, 64, 200])
Input tensor shape: torch.Size([1, 1, 64, 200])
Input tensor shape: torch.Size([1, 1, 64, 200])
❌ NO MFG: First line does not contain MFG/BBF: '25'
❌ NO MFG: First line does not contain MFG/BBF: '1'
❌ NO MFG: First line does not contain MFG/BBF: '1'
Input tensor shape: torch.Size([1, 1, 64, 200])
❌ NO MFG: First line does not contain MFG/BBF: 'MF'
❌ NO MFG: First line does not contain MFG/BBF: 'I'
❌ PARALLEL: No valid results found
⚠️ CAP DETECTION THREAD: Rotation ฝาที่ 1 ไม่สำเร็จ
🔄 CAP DETECTION THREAD: ลบไฟล์ชั่วคราวแล้ว
🔄 CAP DETECTION THREAD: Emitting result...
✅ CAP PROCESS COMPLETE: Cap detection finished
🔇 SILENT MODE: Storing cap result in queue (no UI display, no Modbus signals)
🔇 SILENT MODE: ผลพร้อม — แสดงจากคิวทันที (ลดคิวเหลือ: 0)
📋 RESULT READY TO DISPLAY - Showing results from queue and sending Modbus signals
📋 DISPLAY: Displaying bottle results from queue
📋 DISPLAY FROM QUEUE: Displaying bottle result from queue
🔄 DISPLAY SINGLE RESULTS: Starting to display results
🔄 DISPLAY SINGLE RESULTS: Summary: {'total_detections': 2, 'type_detections': 1, 'detected_labels': ['angle1', 'type'], 'has_type': True, 'angle1_detections': 1}
🔄 DISPLAY SINGLE RESULTS: Detections: 2
✅ DISPLAY SINGLE RESULTS: Results text set
🔄 DISPLAY RESULT IMAGE: Image shape: (1080, 1920, 3)
🔄 DISPLAY RESULT IMAGE: Resized to 400x225
✅ DISPLAY RESULT IMAGE: Image displayed in label
🔄 DISPLAY CROPPED IMAGES: Starting to display 1 crops
✅ DISPLAY CROPPED IMAGES: Cleared existing crops
✅ DISPLAY CROPPED IMAGES: Displayed 1 cropped images
✅ DISPLAY FROM QUEUE: Bottle result displayed
📋 DISPLAY: Displaying cap results from queue
📋 DISPLAY FROM QUEUE: Displaying cap result from queue
❌ DISPLAY FROM QUEUE ERROR: The truth value of an array with more than one element is ambiguous. Use a.any() or a.all()
Traceback (most recent call last):
  File "/home/nvidia/Desktop/final_boss/backupsdcard/final/gui/handlers/cap_handlers.py", line 740, in display_result_from_queue
    cap_img = result.get('image') or result.get('processed_image')
ValueError: The truth value of an array with more than one element is ambiguous. Use a.any() or a.all()
🔍 CAP VALIDATION: Validating cap result for M110
❌ CAP VALIDATION: No OCR results found
❌ DISPLAY: ฝาไม่ผ่านหรือขวดไม่ผ่าน - Writing D7009 = 50 (NG)
🔄 write_register: กำลังเขียน D7009 = 50
✅ Modbus client พร้อมใช้งาน - กำลังส่งคำสั่ง
✅ Write D7009 = 50 สำเร็จ
✅ ON M140: D7009 = 50 (ฝาไม่ผ่าน - ไม่ตรงกับฟอร์ม)
🏷️ D7009 = 50 (ฝาไม่ผ่านหรือขวดไม่ผ่าน)
✅ ON M600 = True
⏳ รอ M401 ON เพื่อ RESET M600, M100, M110, M120, M130, M140...
✅ HISTORY: Cap image found: True
✅ HISTORY: Faded status: normal, total_area: 304, num_chars: 7
✅ HISTORY: Added entry - None at 2026-02-15 17:42:10
✅ DISPLAY: Results displayed and Modbus signals sent
📉 M301 RESET: ON → OFF
✅ M401 ON มาถึงแล้ว! (คิว: 0)
✅ RESET M600 = 0
🔄 write_register: กำลังเขียน D7009 = 0
✅ Modbus client พร้อมใช้งาน - กำลังส่งคำสั่ง
✅ Write D7009 = 0 สำเร็จ
✅ RESET D7009 = 0 (พร้อมรับค่าใหม่)
✅ RESET M100 = 0
✅ RESET M110 = 0
✅ RESET M120 = 0
✅ RESET M130 = 0
✅ RESET M140 = 0
✅ RESET M720 = 0
✅ RESET M721 = 0
✅ RESET M722 = 0
✅ RESET M730 = 0
✅ RESET M731 = 0
✅ RESET M732 = 0
✅ RESET M733 = 0
✅ RESET M734 = 0
✅ RESET M735 = 0
✅ RESET M740 = 0
✅ RESET M741 = 0
✅ RESET M742 = 0
✅ ไม่มีคิวถ่ายภาพ พร้อมรับ M301 ใหม่
✅ ON M700 = False
✅ ON M701 = True
✅ STOP: M701 ON - ระบบหยุดทำงาน (รอ 1.5 วินาที)
🔄 write_register: กำลังเขียน D7009 = 0
✅ Modbus client พร้อมใช้งาน - กำลังส่งคำสั่ง
✅ Write D7009 = 0 สำเร็จ
✅ STOP: Reset D7009 = 0 (ล้างผลตรวจ)
❌ M511 OFF: หยุดการทำงาน
✅ ON M700 = False
✅ RESET M700 = 0 (จาก M513)
✅ ON M701 = False
✅ RESET M701 = 0 (จาก M513)
🔄 M513: ส่งสัญญาณให้ GUI reset ทั้งหมด
🛑 M513 STOP: รับสัญญาณหยุดจาก M513 - เริ่ม reset ทั้งหมด
🔄 Resetting system to initial state...
🔄 Resetting Modbus state...
✅ ON M100 = False
✅ ON M110 = False
✅ ON M120 = False
✅ ON M130 = False
✅ ON M750 = False
✅ ON M850 = False
✅ ON M140 = False
✅ ON M600 = False
✅ RESET M600 = 0 (พร้อมรับงานใหม่)
✅ ON M700 = False
✅ ON M701 = False
✅ ON M503 = False
✅ ON M505 = False
✅ ON M720 = False
✅ ON M721 = False
✅ ON M722 = False
✅ ON M730 = False
✅ ON M731 = False
✅ ON M732 = False
✅ ON M733 = False
✅ ON M734 = False
✅ ON M735 = False
✅ ON M740 = False
✅ ON M741 = False
✅ ON M742 = False
🔄 Resetting queue count...
✅ Queue count and monitoring reset to 0
✅ Stopped D6006 monitoring
✅ Reset D6007 tracking
✅ Modbus state reset completed
🔄 Resetting UI elements...
✅ UI elements reset completed
🔄 Clearing current data...
✅ Current data cleared
🔄 Resetting progress bars...
✅ Progress bars reset
🔄 Resetting camera states...
✅ Camera states reset
🔄 Resetting lamp status...
✅ Lamp status reset completed
✅ System reset to initial state completed
✅ M513 STOP: Reset ระบบเสร็จสิ้น
✅ ON M701 = False
✅ RESET M701 = 0 (หลัง 1.5 วินาที)
🔄 Resetting system to initial state...
🔄 Resetting Modbus state...
✅ ON M100 = False
✅ ON M110 = False
✅ ON M120 = False
✅ ON M130 = False
✅ ON M750 = False
✅ ON M850 = False
✅ ON M140 = False
✅ ON M600 = False
✅ RESET M600 = 0 (พร้อมรับงานใหม่)
✅ ON M700 = False
✅ ON M701 = False
✅ ON M503 = False
✅ ON M505 = False
✅ ON M720 = False
✅ ON M721 = False
✅ ON M722 = False
✅ ON M730 = False
✅ ON M731 = False
✅ ON M732 = False
✅ ON M733 = False
✅ ON M734 = False
✅ ON M735 = False
✅ ON M740 = False
✅ ON M741 = False
✅ ON M742 = False
🔄 Resetting queue count...
✅ Queue count and monitoring reset to 0
✅ Stopped D6006 monitoring
✅ Reset D6007 tracking
✅ Modbus state reset completed
🔄 Resetting UI elements...
✅ UI elements reset completed
🔄 Clearing current data...
✅ Current data cleared
🔄 Resetting progress bars...
✅ Progress bars reset
🔄 Resetting camera states...
✅ Camera states reset
🔄 Resetting lamp status...
✅ Lamp status reset completed
✅ System reset to initial state completed
✅ ON M720 = False
✅ ON M721 = False
✅ ON M722 = False
✅ ON M730 = False
✅ ON M731 = False
✅ ON M732 = False
✅ ON M733 = False
✅ ON M734 = False
✅ ON M735 = False
✅ ON M740 = False
✅ ON M741 = False
✅ ON M742 = False
🔄 TASTE SIGNAL: Sending 1-taste selection to D7007
🔄 write_register: กำลังเขียน D7007 = 3
✅ Modbus client พร้อมใช้งาน - กำลังส่งคำสั่ง
✅ Write D7007 = 3 สำเร็จ
🏷️ D7007 = 3 (ขวดผสมแมงลัก)
🔄 TASTE SELECTION: Updated selected tastes: ['M120']
🔄 TASTE SELECTION: Updated selected tastes: []
🔄 TASTE SELECTION: Showing taste selection checkboxes
🔄 write_register: กำลังเขียน D9006 = 30
✅ Modbus client พร้อมใช้งาน - กำลังส่งคำสั่ง
✅ Write D9006 = 30 สำเร็จ
🔄 TASTE MODE: Changed to 1 taste mode via combo box
🔄 TASTE SIGNAL: Sending 1-taste selection to D7007
🔄 write_register: กำลังเขียน D7007 = 2
✅ Modbus client พร้อมใช้งาน - กำลังส่งคำสั่ง
✅ Write D7007 = 2 สำเร็จ
🏷️ D7007 = 2 (ขวดน้ำตาล 2%)
🔄 TASTE SELECTION: Updated selected tastes: ['M110']
✅ ON M701 = False
✅ ON M700 = True
✅ START: M700 ON - ระบบเริ่มทำงาน
✅ M511 ON: เริ่มการทำงาน
🚀 M600 พร้อม - เริ่มถ่ายภาพทันที
🎯 MODBUS TRIGGER RECEIVED - Starting capture sequence (worker thread)
📸 CAPTURE BOTH: กำลังถ่ายภาพจาก USB...
📸 CAPTURE BOTH USB: Attempt 1/3
📸 Captured latest frame: (1080, 1920, 3)
✅ CAPTURE BOTH USB: Success on attempt 1
📸 CAPTURE BOTH: กำลังถ่ายภาพจาก Sentech...
📸 Capturing latest frame with Harvesters...
🔄 Flushing old frames from buffer...
  Flushing buffer... (flushed 1 frames)
  Flushing buffer... (flushed 2 frames)
  Flushing buffer... (flushed 3 frames)
  Flushing buffer... (flushed 4 frames)
  Flushing buffer... (flushed 5 frames)
  ✅ Flushed 29 old frame(s) from buffer
  ⏳ Waiting for new frame...
📸 Fetching latest frame...
  Image data shape: (5013504,)
  Image dimensions: 2448x2048
  Data type: uint8
  Min value: 11, Max value: 255
✅ Captured latest frame: (2048, 2448)
📸 CAPTURE BOTH Sentech: Result = True
✅ CAPTURE BOTH: USB image captured and displayed
🔍 Display image shape: (2048, 2448), dtype: uint8
🔍 Display image min: 11, max: 255
✅ Image displayed successfully: (2048, 2448, 3) -> scaled to 597x500 (full image visible)
✅ CAPTURE BOTH: เปิดใช้งานปุ่มประมวลผลฝา (มีภาพจาก Sentech)
✅ CAPTURE BOTH: Sentech image captured and displayed
🔄 PROCESS: Starting processing for image shape: (1080, 1920, 3)
🔄 PROCESS: Creating BottleDetectionThread...
🔄 PROCESS: Starting processing thread...
🔄 PROCESS: Using selected tastes: ['M110']
🔄 BOTTLE DETECTION THREAD: Starting processing...
🔄 BOTTLE DETECTION THREAD: Image shape: (1080, 1920, 3)
🔄 BOTTLE DETECTION THREAD: Saved temp image
🔄 BOTTLE DETECTION THREAD: Calling process_bottle_image_simple...

0: 384x640 1 bottle, 1 angle1, 1 type, 3970.4ms
Speed: 14.6ms preprocess, 3970.4ms inference, 3.3ms postprocess per image at shape (1, 3, 384, 640)
🔍 Defect inspection (angle1): score=0.3076 -> Good
🔄 BOTTLE DETECTION THREAD: Processing result type: <class 'dict'>
🔄 BOTTLE DETECTION THREAD: Processing result keys: ['detections', 'type_crops', 'angle1_crops', 'summary', 'original_image', 'defect_inspection']
🔍 BOTTLE DETECTION THREAD: YOLO detections: [{'bbox': (801, 0, 1290, 916), 'label': 'angle1', 'confidence': 0.9575173854827881, 'type': 'bottle'}, {'bbox': (890, 554, 1210, 704), 'label': 'type', 'confidence': 0.9501896500587463, 'type': 'bottle'}, {'bbox': (796, 0, 1293, 922), 'label': 'bottle', 'confidence': 0.5814498066902161, 'type': 'bottle'}]
🔍 BOTTLE DETECTION THREAD: Summary: {'total_detections': 3, 'type_detections': 1, 'detected_labels': ['angle1', 'type', 'bottle'], 'has_type': True, 'angle1_detections': 1}
❌ BOTTLE DETECTION THREAD: 'angle3' not found in YOLO detections
🔄 BOTTLE DETECTION THREAD: Found 1 type crops
🔄 BOTTLE DETECTION THREAD: Processing crop 1
✅ OCR: Found 2 text regions
✅ OCR Text: น้ำเต้าหู้ รสดั้งเดิม
🔄 BOTTLE DETECTION THREAD: Crop 1 OCR results: 2
📝 BOTTLE DETECTION THREAD: Combined OCR Text: 'น้ำเต้าหู้ รสดั้งเดิม'
🏷️ BOTTLE DETECTION THREAD: Detected Bottle Type: M100
🔄 BOTTLE DETECTION THREAD: Emitting result...
✅ PROCESS COMPLETE: Processing finished
✅ PROCESS COMPLETE: No error in result
✅ PROCESS COMPLETE: Result keys: ['detections', 'type_crops', 'angle1_crops', 'summary', 'original_image', 'defect_inspection', 'image', 'image_shape', 'combined_ocr_text', 'bottle_type']
🔄 PROCESS COMPLETE: Displaying results in text area...
🔄 DISPLAY SINGLE RESULTS: Starting to display results
🔄 DISPLAY SINGLE RESULTS: Summary: {'total_detections': 3, 'type_detections': 1, 'detected_labels': ['angle1', 'type', 'bottle'], 'has_type': True, 'angle1_detections': 1}
🔄 DISPLAY SINGLE RESULTS: Detections: 3
✅ DISPLAY SINGLE RESULTS: Results text set
✅ PROCESS COMPLETE: Results displayed in text area
🔄 PROCESS COMPLETE: Drawing 3 detections on image...
🔄 DISPLAY RESULT IMAGE: Image shape: (1080, 1920, 3)
🔄 DISPLAY RESULT IMAGE: Resized to 400x225
✅ DISPLAY RESULT IMAGE: Image displayed in label
✅ PROCESS COMPLETE: Result image displayed
🔄 PROCESS COMPLETE: Displaying 1 cropped images...
🔄 DISPLAY CROPPED IMAGES: Starting to display 1 crops
✅ DISPLAY CROPPED IMAGES: Cleared existing crops
✅ DISPLAY CROPPED IMAGES: Displayed 1 cropped images
✅ PROCESS COMPLETE: Cropped images displayed
🎯 PROCESS COMPLETE: Bottle type detected: M100
📝 PROCESS COMPLETE: OCR text: 'น้ำเต้าหู้ รสดั้งเดิม'
🎯 BOTTLE TYPE DETECTED: M100 (OCR: 'น้ำเต้าหู้ รสดั้งเดิม')
⏳ ตรวจพบ: M100 - รอผลลัพธ์ฝาก่อน ON Modbus...
🔄 AUTO CAP PROCESS: เริ่มประมวลผลฝา...
✅ CAP PROCESSING UI: Displayed processing state for cap detection
🔍 AUTO CAP PROCESS: Calling process_cap_detection()...
🔄 CAP PROCESS: Starting cap detection for image shape: (2048, 2448) (from Sentech camera)
🔍 CAP PROCESS: ใช้ค่ากลางที่วิเคราะห์ได้ (brightness: 33) สำหรับการปรับภาพ
✅ CAP PROCESSING UI: Displayed processing state for cap detection
🔄 CAP PROCESS: Starting cap detection thread...
🔍 AUTO CAP PROCESS: process_cap_detection() completed
🔍 AUTO CAP PROCESS: Cap processing started (ผลจะแสดงเมื่อประมวลผลฝาเสร็จ)🔄 CAP DETECTION THREAD: Starting processing...

🔄 CAP DETECTION THREAD: Image shape: (2048, 2448)
🔄 CAP DETECTION THREAD: Saved temp image
🔄 CAP DETECTION THREAD: Step 1 - ตรวจจับฝา
📐 Resized image for detection: 2448x2048 -> 1280x1070 (scale: 0.523)
✅ พบฝาทั้งหมด: 3 ฝา
   📍 ฝาที่ 1: ความเชื่อมั่น = 0.9601 (96.01%) | Class: bottle_cap | BBox: [1031, 338, 1225, 537]
   📍 ฝาที่ 2: ความเชื่อมั่น = 0.9566 (95.66%) | Class: bottle_cap | BBox: [1036, 611, 1225, 812]
   📍 ฝาที่ 3: ความเชื่อมั่น = 0.9554 (95.54%) | Class: bottle_cap | BBox: [1039, 52, 1229, 245]
🔄 CAP DETECTION THREAD: Step 2 - ตัดภาพ
🔄 CAP DETECTION THREAD: พบฝา 3 ฝา
🔄 CAP DETECTION THREAD: ตรวจสอบตำแหน่งฝา 3 ฝา
🔄 CAP DETECTION THREAD: ฝาที่ 1 - y_center: 437.5, ความเชื่อมั่น: 0.9601 (96.01%)
🔄 CAP DETECTION THREAD: ฝาที่ 2 - y_center: 711.5, ความเชื่อมั่น: 0.9566 (95.66%)
🔄 CAP DETECTION THREAD: ฝาที่ 3 - y_center: 148.5, ความเชื่อมั่น: 0.9554 (95.54%)
🔄 CAP DETECTION THREAD: เลือกฝาที่ 2 (y_center: 711.5, ความเชื่อมั่น: 0.9566 (95.66%)) เป็นฝาล่างสุด
✅ CAP DETECTION THREAD: เลือกฝาที่ 2 (ฝาล่างสุด) จาก 3 ฝา | ความเชื่อมั่น: 0.9566 (95.66%)
🔄 CAP DETECTION THREAD: ประมวลผลฝาที่ 2 (ฝาล่างสุด) (ความเชื่อมั่น: 95.66%)
🔄 CAP DETECTION THREAD: Step 2a - ปรับความคมชัดฝาที่ 2 ก่อน CRAFT
🔧 Enhancing cap image sharpness...
✅ Cap image sharpness enhanced
✅ CRAFT: Rotated image by 2.68 degrees
🔄 CAP DETECTION THREAD: Step 2a.5 - ตรวจสอบรอยจางในฝาที่ 2 (ก่อน CRAFT)
🔍 CAP DETECTION THREAD: ใช้ค่ากลางที่วิเคราะห์ได้ (brightness: 33) สำหรับการปรับภาพ
🔍 ENHANCE IMAGE: ใช้ค่ากลางที่วิเคราะห์ได้ - brightness=33, contrast=1.8
🔍 ใช้ Edges โดยตรงมาทำ Text Edges
🔍 AREA_THRESH = 0 — ปิดเกณฑ์จาง (ถือว่า normal)
Faded text detection - Components: 6, Area: 1484, Status: normal
🔄 CAP DETECTION THREAD: ตรวจสอบรอยจางฝาที่ 2 สำเร็จ - สถานะ: normal
📊 CAP DETECTION THREAD: total_area = 1484, num_chars = 6
🔄 CAP DETECTION THREAD: CRAFT หมุนฝาที่ 2 สำเร็จ
🔄 CACHE MISS: Processing new image (hash: ca28078e...)
🚀 ROTATION RETRY: Starting parallel processing (5 rotations simultaneously)...
🚀 PARALLEL: CUDA available - GPU: Xavier
🚀 PARALLEL: Testing 5 rotations with 5 workers...
Split large region: 78x49 -> 2 parts (min_width=65, min_height=30)
Split large region: 68x35 -> 2 parts (min_width=65, min_height=30)
Split large region: 78x49 -> 2 parts (min_width=65, min_height=30)
Split large region: 68x35 -> 2 parts (min_width=65, min_height=30)
Split large region: 68x36 -> 2 parts (min_width=65, min_height=30)
Split large region: 107x55 -> 2 parts (min_width=65, min_height=30)
Input tensor shape: torch.Size([1, 1, 64, 200])Input tensor shape: torch.Size([1, 1, 64, 200])

Input tensor shape: torch.Size([1, 1, 64, 200])
Input tensor shape: torch.Size([1, 1, 64, 200])
Input tensor shape: torch.Size([1, 1, 64, 200])
Input tensor shape: torch.Size([1, 1, 64, 200])Input tensor shape: torch.Size([1, 1, 64, 200])

Input tensor shape: torch.Size([1, 1, 64, 200])
Input tensor shape: torch.Size([1, 1, 64, 200])
Input tensor shape: torch.Size([1, 1, 64, 200])
Input tensor shape: torch.Size([1, 1, 64, 200])
Input tensor shape: torch.Size([1, 1, 64, 200])
Input tensor shape: torch.Size([1, 1, 64, 200])
Input tensor shape: torch.Size([1, 1, 64, 200])
Input tensor shape: torch.Size([1, 1, 64, 200])
❌ NO MFG: First line does not contain MFG/BBF: '5'
❌ NO MFG: First line does not contain MFG/BBF: '1'
❌ NO MFG: First line does not contain MFG/BBF: '15'
❌ NO MFG: First line does not contain MFG/BBF: '5'
❌ NO MFG: First line does not contain MFG/BBF: '2'
❌ PARALLEL: No valid results found
⚠️ CAP DETECTION THREAD: Rotation ฝาที่ 2 ไม่สำเร็จ
🔄 CAP DETECTION THREAD: ลบไฟล์ชั่วคราวแล้ว
🔄 CAP DETECTION THREAD: Emitting result...
✅ CAP PROCESS COMPLETE: Cap detection finished
✅ CAP PROCESS COMPLETE: No error in result
✅ CAP PROCESS COMPLETE: Result keys: ['cap_result', 'processed_image', 'cropped_images', 'image', 'image_shape', 'cap_processing_results']
ℹ️ CAP PROCESS COMPLETE: Skipping early validation - will validate after processing is complete
🔍 DEBUG: display_cap_detection_results called with result type: <class 'dict'>
🔍 DEBUG: Found 2 cap processing results
🔍 DEBUG: Cap 1 result keys: ['cap_index', 'original_crop', 'craft_result', 'faded_text_result', 'craft_rotated_image']
🔍 DEBUG: Cap 1 has line_detection_result: False
🔍 DEBUG: Cap 1 has ocr_results: False
🔍 DEBUG: Cap 2 result keys: ['cap_index', 'original_crop', 'craft_result', 'faded_text_result', 'craft_rotated_image']
🔍 DEBUG: Cap 2 has line_detection_result: False
🔍 DEBUG: Cap 2 has ocr_results: False
✅ CAP PROCESSING COMPLETE UI: Displayed complete state for cap detection
🔍 CAP PROCESS COMPLETE: Bottle type is M100 - Validating cap result...
🔍 CAP PROCESS COMPLETE: Result keys: ['cap_result', 'processed_image', 'cropped_images', 'image', 'image_shape', 'cap_processing_results']
🔍 CAP VALIDATION: Validating cap result for M100
❌ CAP VALIDATION: No OCR results found
🔍 CAP PROCESS COMPLETE: Validation result: False
❌ CAP VALIDATION FAILED: Cap result is invalid for M100 - Sending M140 instead
🔄 write_register: กำลังเขียน D7009 = 50
✅ Modbus client พร้อมใช้งาน - กำลังส่งคำสั่ง
✅ Write D7009 = 50 สำเร็จ
✅ ON M140: D7009 = 50 (ฝาไม่ผ่าน - ไม่ตรงกับฟอร์ม)
❌ ON M140 (ฝาไม่ผ่าน - ไม่ตรงกับฟอร์ม)
⏳ ON M600 และรอ D6004=200 เพื่อ reset ทั้งหมด...
✅ ON M600 = True
⏳ รอ M401 ON เพื่อ RESET M600, M100, M110, M120, M130, M140...
✅ M140 ON SUCCESS: M140 + M600
📋 CAP PROCESS COMPLETE: Adding to history with cap result
✅ HISTORY: Cap image found: True
✅ HISTORY: Faded status: normal, total_area: 1484, num_chars: 6
✅ HISTORY: Added entry - M100 at 2026-02-15 17:45:00
📉 M301 RESET: ON → OFF
📋 M600 ยังไม่ reset - ถ่ายภาพและประมวลผลทันที (เก็บผลลัพธ์ไว้)
📋 เพิ่มคิวผลลัพธ์ (คิวปัจจุบัน: 1)
🔇 SILENT TRIGGER RECEIVED - Starting silent capture and processing
🔇 SILENT CAPTURE: Starting silent image capture and processing...
🔇 SILENT CAPTURE: Attempt 1/3
📉 M301 RESET: ON → OFF
📸 Captured latest frame: (1080, 1920, 3)
✅ SILENT CAPTURE: Success on attempt 1
🔇 SILENT CAPTURE: Image shape: (1080, 1920, 3)
🔇 SILENT PROCESS: Starting silent processing...
🔇 SILENT PROCESS: Processing thread started🔄 BOTTLE DETECTION THREAD: Starting processing...

🔄 BOTTLE DETECTION THREAD: Image shape: (1080, 1920, 3)🔇 SILENT CAPTURE: Starting silent Sentech image capture and processing...

📸 Capturing latest frame with Harvesters...
🔄 Flushing old frames from buffer...
  Flushing buffer... (flushed 1 frames)
  Flushing buffer... (flushed 2 frames)
  Flushing buffer... (flushed 3 frames)
  Flushing buffer... (flushed 4 frames)
🔄 BOTTLE DETECTION THREAD: Saved temp image
  Flushing buffer... (flushed 5 frames)🔄 BOTTLE DETECTION THREAD: Calling process_bottle_image_simple...


  ✅ Flushed 28 old frame(s) from buffer
  ⏳ Waiting for new frame...
📋 M600 ยังไม่ reset - ถ่ายภาพและประมวลผลทันที (เก็บผลลัพธ์ไว้)
📋 เพิ่มคิวผลลัพธ์ (คิวปัจจุบัน: 2)
📸 Fetching latest frame...
  Image data shape: (5013504,)
  Image dimensions: 2448x2048
  Data type: uint8
  Min value: 10, Max value: 255
✅ Captured latest frame: (2048, 2448)
🔇 SILENT CAPTURE: Image shape: (2048, 2448)
🔇 SILENT PROCESS: Starting silent cap processing...
🏷️ CAP AUTO CAPTURE: ส่ง bottle_type = M100 ไปยัง CapDetectionThread
🔇 SILENT PROCESS: Cap processing thread started
🔄 CAP DETECTION THREAD: Starting processing...
🔄 CAP DETECTION THREAD: Image shape: (2048, 2448)
🔇 SILENT TRIGGER RECEIVED - Starting silent capture and processing
🔇 SILENT CAPTURE: Starting silent image capture and processing...
🔇 SILENT CAPTURE: Attempt 1/3
🔄 CAP DETECTION THREAD: Saved temp image
🔄 CAP DETECTION THREAD: Step 1 - ตรวจจับฝา
📐 Resized image for detection: 2448x2048 -> 1280x1070 (scale: 0.523)
📸 Captured latest frame: (1080, 1920, 3)
✅ SILENT CAPTURE: Success on attempt 1
🔇 SILENT CAPTURE: Image shape: (1080, 1920, 3)
🔇 SILENT PROCESS: Starting silent processing...
🔇 SILENT PROCESS: Processing thread started
🔇 SILENT CAPTURE: Starting silent Sentech image capture and processing...🔄 BOTTLE DETECTION THREAD: Starting processing...

📸 Capturing latest frame with Harvesters...🔄 BOTTLE DETECTION THREAD: Image shape: (1080, 1920, 3)

🔄 Flushing old frames from buffer...
  Flushing buffer... (flushed 1 frames)
  Flushing buffer... (flushed 2 frames)
  Flushing buffer... (flushed 3 frames)
  Flushing buffer... (flushed 4 frames)
🔄 BOTTLE DETECTION THREAD: Saved temp image
  Flushing buffer... (flushed 5 frames)
🔄 BOTTLE DETECTION THREAD: Calling process_bottle_image_simple...

  ✅ Flushed 28 old frame(s) from buffer
  ⏳ Waiting for new frame...
📸 Fetching latest frame...
  Image data shape: (5013504,)
  Image dimensions: 2448x2048
  Data type: uint8
  Min value: 10, Max value: 255
✅ Captured latest frame: (2048, 2448)
🔇 SILENT CAPTURE: Image shape: (2048, 2448)
🔇 SILENT PROCESS: Starting silent cap processing...
🏷️ CAP AUTO CAPTURE: ส่ง bottle_type = M100 ไปยัง CapDetectionThread
🔇 SILENT PROCESS: Cap processing thread started
🔄 CAP DETECTION THREAD: Starting processing...
🔄 CAP DETECTION THREAD: Image shape: (2048, 2448)
🔄 CAP DETECTION THREAD: Saved temp image
🔄 CAP DETECTION THREAD: Step 1 - ตรวจจับฝา
📐 Resized image for detection: 2448x2048 -> 1280x1070 (scale: 0.523)
0: 384x640 1 angle1, 1 type, 3720.8ms
Speed: 47.6ms preprocess, 3720.8ms inference, 2.8ms postprocess per image at shape (1, 3, 384, 640)
🔍 Defect inspection (angle1): score=0.6035 -> NG
⏭️ Defect NG — ข้าม type crop และ OCR
🔄 BOTTLE DETECTION THREAD: Processing result type: <class 'dict'>
🔄 BOTTLE DETECTION THREAD: Processing result keys: ['detections', 'type_crops', 'angle1_crops', 'summary', 'original_image', 'defect_inspection']
🔍 BOTTLE DETECTION THREAD: YOLO detections: [{'bbox': (819, 12, 1268, 920), 'label': 'angle1', 'confidence': 0.9555718898773193, 'type': 'bottle'}, {'bbox': (948, 568, 1240, 714), 'label': 'type', 'confidence': 0.9454611539840698, 'type': 'bottle'}]
🔍 BOTTLE DETECTION THREAD: Summary: {'total_detections': 2, 'type_detections': 0, 'detected_labels': ['angle1', 'type'], 'has_type': False, 'angle1_detections': 1}
❌ BOTTLE DETECTION THREAD: 'angle3' not found in YOLO detections
❌ BOTTLE DETECTION THREAD: No type crops found
🔄 BOTTLE DETECTION THREAD: Emitting result...
✅ PROCESS COMPLETE: Processing finished
🔇 SILENT MODE: Storing result in queue (no UI display, no Modbus signals)
🔇 SILENT MODE: Bottle result stored, waiting for cap result...
✅ M401 ON มาถึงแล้ว! (คิว: 2)
✅ RESET M600 = 0
🔄 write_register: กำลังเขียน D7009 = 0
✅ Modbus client พร้อมใช้งาน - กำลังส่งคำสั่ง
✅ Write D7009 = 0 สำเร็จ
✅ RESET D7009 = 0 (พร้อมรับค่าใหม่)
✅ RESET M100 = 0
✅ RESET M110 = 0
✅ RESET M120 = 0
✅ RESET M130 = 0
✅ RESET M140 = 0
✅ RESET M720 = 0
✅ RESET M721 = 0
✅ RESET M722 = 0
✅ RESET M730 = 0
✅ RESET M731 = 0
✅ RESET M732 = 0
✅ พบฝาทั้งหมด: 3 ฝา
   📍 ฝาที่ 1: ความเชื่อมั่น = 0.9592 (95.92%) | Class: bottle_cap | BBox: [1020, 48, 1212, 242]
   📍 ฝาที่ 2: ความเชื่อมั่น = 0.9565 (95.65%) | Class: bottle_cap | BBox: [1038, 319, 1231, 519]
   📍 ฝาที่ 3: ความเชื่อมั่น = 0.9554 (95.54%) | Class: bottle_cap | BBox: [1034, 609, 1226, 805]
🔄 CAP DETECTION THREAD: Step 2 - ตัดภาพ
🔄 CAP DETECTION THREAD: พบฝา 3 ฝา
🔄 CAP DETECTION THREAD: ตรวจสอบตำแหน่งฝา 3 ฝา
🔄 CAP DETECTION THREAD: ฝาที่ 1 - y_center: 145.0, ความเชื่อมั่น: 0.9592 (95.92%)
🔄 CAP DETECTION THREAD: ฝาที่ 2 - y_center: 419.0, ความเชื่อมั่น: 0.9565 (95.65%)
🔄 CAP DETECTION THREAD: ฝาที่ 3 - y_center: 707.0, ความเชื่อมั่น: 0.9554 (95.54%)
🔄 CAP DETECTION THREAD: เลือกฝาที่ 3 (y_center: 707.0, ความเชื่อมั่น: 0.9554 (95.54%)) เป็นฝาล่างสุด
✅ CAP DETECTION THREAD: เลือกฝาที่ 3 (ฝาล่างสุด) จาก 3 ฝา | ความเชื่อมั่น: 0.9554 (95.54%)
🔄 CAP DETECTION THREAD: ประมวลผลฝาที่ 3 (ฝาล่างสุด) (ความเชื่อมั่น: 95.54%)
🔄 CAP DETECTION THREAD: Step 2a - ปรับความคมชัดฝาที่ 3 ก่อน CRAFT
🔧 Enhancing cap image sharpness...
✅ RESET M733 = 0
✅ RESET M734 = 0
✅ RESET M735 = 0
✅ RESET M740 = 0
✅ RESET M741 = 0
✅ RESET M742 = 0✅ Cap image sharpness enhanced

⏳ รอผลจากคิว (ยังประมวลผลไม่เสร็จ, คิว: 2) - ไม่ถ่ายภาพใหม่
✅ CRAFT: Rotated image by 41.08 degrees
🔄 CAP DETECTION THREAD: Step 2a.5 - ตรวจสอบรอยจางในฝาที่ 3 (ก่อน CRAFT)
🔍 CAP DETECTION THREAD: ใช้ค่ากลางที่วิเคราะห์ได้ (brightness: 33) สำหรับการปรับภาพ
🔍 ENHANCE IMAGE: ใช้ค่ากลางที่วิเคราะห์ได้ - brightness=33, contrast=1.8
🔍 ใช้ Edges โดยตรงมาทำ Text Edges
🔍 AREA_THRESH = 0 — ปิดเกณฑ์จาง (ถือว่า normal)
Faded text detection - Components: 3, Area: 1678, Status: normal
🔄 CAP DETECTION THREAD: ตรวจสอบรอยจางฝาที่ 3 สำเร็จ - สถานะ: normal
📊 CAP DETECTION THREAD: total_area = 1678, num_chars = 3
🔄 CAP DETECTION THREAD: CRAFT หมุนฝาที่ 3 สำเร็จ
🔄 CACHE MISS: Processing new image (hash: 468b4cee...)
🚀 ROTATION RETRY: Starting parallel processing (5 rotations simultaneously)...
🚀 PARALLEL: CUDA available - GPU: Xavier
🚀 PARALLEL: Testing 5 rotations with 5 workers...
Input tensor shape: torch.Size([1, 1, 64, 200])
Input tensor shape: torch.Size([1, 1, 64, 200])
Input tensor shape: torch.Size([1, 1, 64, 200])
Input tensor shape: torch.Size([1, 1, 64, 200])
Input tensor shape: torch.Size([1, 1, 64, 200])
Input tensor shape: torch.Size([1, 1, 64, 200])
0: 384x640 1 angle1, 1 type, 4800.0ms
Speed: 7.2ms preprocess, 4800.0ms inference, 16.2ms postprocess per image at shape (1, 3, 384, 640)
Input tensor shape: torch.Size([1, 1, 64, 200])
Input tensor shape: torch.Size([1, 1, 64, 200])
Input tensor shape: torch.Size([1, 1, 64, 200])
Input tensor shape: torch.Size([1, 1, 64, 200])
🔍 Defect inspection (angle1): score=0.7049 -> NG
⏭️ Defect NG — ข้าม type crop และ OCR
🔄 BOTTLE DETECTION THREAD: Processing result type: <class 'dict'>
🔄 BOTTLE DETECTION THREAD: Processing result keys: ['detections', 'type_crops', 'angle1_crops', 'summary', 'original_image', 'defect_inspection']
🔍 BOTTLE DETECTION THREAD: YOLO detections: [{'bbox': (813, 0, 1296, 926), 'label': 'angle1', 'confidence': 0.9509381651878357, 'type': 'bottle'}, {'bbox': (950, 568, 1264, 723), 'label': 'type', 'confidence': 0.9378969073295593, 'type': 'bottle'}]
🔍 BOTTLE DETECTION THREAD: Summary: {'total_detections': 2, 'type_detections': 0, 'detected_labels': ['angle1', 'type'], 'has_type': False, 'angle1_detections': 1}
❌ BOTTLE DETECTION THREAD: 'angle3' not found in YOLO detections
❌ BOTTLE DETECTION THREAD: No type crops found
🔄 BOTTLE DETECTION THREAD: Emitting result...
✅ PROCESS COMPLETE: Processing finished
✅ PROCESS COMPLETE: No error in result
✅ PROCESS COMPLETE: Result keys: ['detections', 'type_crops', 'angle1_crops', 'summary', 'original_image', 'defect_inspection', 'image', 'image_shape', 'combined_ocr_text', 'bottle_type']
🔄 PROCESS COMPLETE: Displaying results in text area...
🔄 DISPLAY SINGLE RESULTS: Starting to display results
🔄 DISPLAY SINGLE RESULTS: Summary: {'total_detections': 2, 'type_detections': 0, 'detected_labels': ['angle1', 'type'], 'has_type': False, 'angle1_detections': 1}
🔄 DISPLAY SINGLE RESULTS: Detections: 2
✅ DISPLAY SINGLE RESULTS: Results text set
✅ PROCESS COMPLETE: Results displayed in text area
🔄 PROCESS COMPLETE: Drawing 2 detections on image...
🔄 DISPLAY RESULT IMAGE: Image shape: (1080, 1920, 3)
🔄 DISPLAY RESULT IMAGE: Resized to 400x225
✅ DISPLAY RESULT IMAGE: Image displayed in label
✅ PROCESS COMPLETE: Result image displayed
⚠️ PROCESS COMPLETE: No cropped images to display
🏷️ PROCESS COMPLETE: Defect NG — ส่ง Modbus (D7009=50, M140, M600)
🔄 write_register: กำลังเขียน D7009 = 50
✅ Modbus client พร้อมใช้งาน - กำลังส่งคำสั่ง
✅ Write D7009 = 50 สำเร็จ
✅ ON M140: D7009 = 50 (ฝาไม่ผ่าน - ไม่ตรงกับฟอร์ม)
✅ ON M600 = True
⏳ รอ M401 ON เพื่อ RESET M600, M100, M110, M120, M130, M140...
✅ HISTORY: Cap image found: True
✅ HISTORY: Faded status: normal, total_area: 1484, num_chars: 6
✅ HISTORY: Added entry - None at 2026-02-15 17:45:14
Input tensor shape: torch.Size([1, 1, 64, 200])
Input tensor shape: torch.Size([1, 1, 64, 200])
❌ NO MFG: First line does not contain MFG/BBF: 'M'
Input tensor shape: torch.Size([1, 1, 64, 200])
Input tensor shape: torch.Size([1, 1, 64, 200])
❌ NO MFG: First line does not contain MFG/BBF: 'F'
❌ NO MFG: First line does not contain MFG/BBF: '20'
✅ MFG FOUND: First line contains MFG/BBF: 'MFG23/10/25'
✅ PARALLEL: Found valid MFG at -90° - Stopping all other tasks
✅ MFG FOUND: First line contains MFG/BBF: 'MFG23/10/25'
💾 CACHE: Stored result for image hash 468b4cee... (cache size: 6)
🔄 CAP DETECTION THREAD: Rotation ฝาที่ 3 สำเร็จ
🔄 CAP DETECTION THREAD: ตรวจจับบรรทัดข้อความฝาที่ 3 สำเร็จ
Input tensor shape: torch.Size([1, 1, 64, 200])
Input tensor shape: torch.Size([1, 1, 64, 200])
Input tensor shape: torch.Size([1, 1, 64, 200])
🔄 CAP DETECTION THREAD: OCR ฝาที่ 3 สำเร็จ - อ่านได้ 6 รายการ
🔄 CAP DETECTION THREAD: ลบไฟล์ชั่วคราวแล้ว
🔄 CAP DETECTION THREAD: Emitting result...
✅ CAP PROCESS COMPLETE: Cap detection finished
🔇 SILENT MODE: Storing cap result in queue (no UI display, no Modbus signals)
🔇 SILENT MODE: ผลพร้อม — แสดงจากคิวทันที (ลดคิวเหลือ: 1)
📋 RESULT READY TO DISPLAY - Showing results from queue and sending Modbus signals
📋 DISPLAY: Displaying bottle results from queue
📋 DISPLAY FROM QUEUE: Displaying bottle result from queue
🔄 DISPLAY SINGLE RESULTS: Starting to display results
🔄 DISPLAY SINGLE RESULTS: Summary: {'total_detections': 2, 'type_detections': 0, 'detected_labels': ['angle1', 'type'], 'has_type': False, 'angle1_detections': 1}
🔄 DISPLAY SINGLE RESULTS: Detections: 2
✅ DISPLAY SINGLE RESULTS: Results text set
🔄 DISPLAY RESULT IMAGE: Image shape: (1080, 1920, 3)
🔄 DISPLAY RESULT IMAGE: Resized to 400x225
✅ DISPLAY RESULT IMAGE: Image displayed in label
✅ DISPLAY FROM QUEUE: Bottle result displayed
❌ DISPLAY: ขวด NG — ไม่เรียก handle_bottle_type_detection (ไม่ประมวลฝา)
📋 DISPLAY: Displaying cap results from queue
📋 DISPLAY FROM QUEUE: Displaying cap result from queue
❌ DISPLAY FROM QUEUE ERROR: The truth value of an array with more than one element is ambiguous. Use a.any() or a.all()
Traceback (most recent call last):
  File "/home/nvidia/Desktop/final_boss/backupsdcard/final/gui/handlers/cap_handlers.py", line 740, in display_result_from_queue
    cap_img = result.get('image') or result.get('processed_image')
ValueError: The truth value of an array with more than one element is ambiguous. Use a.any() or a.all()
🔍 CAP VALIDATION: Validating cap result for M100
🔍 CAP VALIDATION: Using cap_processing_results
🔍 CAP VALIDATION: Faded text status: normal
🔍 CAP VALIDATION: Using all values (text only)
🔍 CAP VALIDATION: OCR text: 'MFG23/10/25 BBF10/11/21 04:35S02 2026-02-15 17:45:15.675482'
🔍 DATE TIME VALIDATION: Checking format for text: 'MFG23/10/25 BBF10/11/21 04:35S02 2026-02-15 17:45:...'
🔍 DATE TIME VALIDATION: has_date=True, has_time=True, format_valid=True
🔍 DATE TIME VALIDATION: Normal mode - no expiry filtering
❌ DISPLAY: ฝาไม่ผ่านหรือขวดไม่ผ่าน - Writing D7009 = 50 (NG)
🔄 write_register: กำลังเขียน D7009 = 50
✅ Modbus client พร้อมใช้งาน - กำลังส่งคำสั่ง
✅ Write D7009 = 50 สำเร็จ
✅ ON M140: D7009 = 50 (ฝาไม่ผ่าน - ไม่ตรงกับฟอร์ม)
🏷️ D7009 = 50 (ฝาไม่ผ่านหรือขวดไม่ผ่าน)
✅ ON M600 = True
⏳ รอ M401 ON เพื่อ RESET M600, M100, M110, M120, M130, M140...
✅ HISTORY: Added entry - None at 2026-02-15 17:45:15
✅ DISPLAY: Results displayed and Modbus signals sent
✅ พบฝาทั้งหมด: 3 ฝา
   📍 ฝาที่ 1: ความเชื่อมั่น = 0.9622 (96.22%) | Class: bottle_cap | BBox: [1035, 620, 1227, 816]
   📍 ฝาที่ 2: ความเชื่อมั่น = 0.9584 (95.84%) | Class: bottle_cap | BBox: [1019, 48, 1212, 242]
   📍 ฝาที่ 3: ความเชื่อมั่น = 0.9562 (95.62%) | Class: bottle_cap | BBox: [1038, 322, 1231, 520]
🔄 CAP DETECTION THREAD: Step 2 - ตัดภาพ
🔄 CAP DETECTION THREAD: พบฝา 3 ฝา
🔄 CAP DETECTION THREAD: ตรวจสอบตำแหน่งฝา 3 ฝา
🔄 CAP DETECTION THREAD: ฝาที่ 1 - y_center: 718.0, ความเชื่อมั่น: 0.9622 (96.22%)
🔄 CAP DETECTION THREAD: ฝาที่ 2 - y_center: 145.0, ความเชื่อมั่น: 0.9584 (95.84%)
🔄 CAP DETECTION THREAD: ฝาที่ 3 - y_center: 421.0, ความเชื่อมั่น: 0.9562 (95.62%)
🔄 CAP DETECTION THREAD: เลือกฝาที่ 1 (y_center: 718.0, ความเชื่อมั่น: 0.9622 (96.22%)) เป็นฝาล่างสุด
✅ CAP DETECTION THREAD: เลือกฝาที่ 1 (ฝาล่างสุด) จาก 3 ฝา | ความเชื่อมั่น: 0.9622 (96.22%)
🔄 CAP DETECTION THREAD: ประมวลผลฝาที่ 1 (ฝาล่างสุด) (ความเชื่อมั่น: 96.22%)
🔄 CAP DETECTION THREAD: Step 2a - ปรับความคมชัดฝาที่ 1 ก่อน CRAFT
🔧 Enhancing cap image sharpness...
✅ Cap image sharpness enhanced
✅ CRAFT: Rotated image by 37.07 degrees
🔄 CAP DETECTION THREAD: Step 2a.5 - ตรวจสอบรอยจางในฝาที่ 1 (ก่อน CRAFT)
🔍 CAP DETECTION THREAD: ใช้ค่ากลางที่วิเคราะห์ได้ (brightness: 33) สำหรับการปรับภาพ
🔍 ENHANCE IMAGE: ใช้ค่ากลางที่วิเคราะห์ได้ - brightness=33, contrast=1.8
🔍 ใช้ Edges โดยตรงมาทำ Text Edges
🔍 AREA_THRESH = 0 — ปิดเกณฑ์จาง (ถือว่า normal)
Faded text detection - Components: 3, Area: 1678, Status: normal
🔄 CAP DETECTION THREAD: ตรวจสอบรอยจางฝาที่ 1 สำเร็จ - สถานะ: normal
📊 CAP DETECTION THREAD: total_area = 1678, num_chars = 3
🔄 CAP DETECTION THREAD: CRAFT หมุนฝาที่ 1 สำเร็จ
🔄 CACHE MISS: Processing new image (hash: cfcd5a63...)
🚀 ROTATION RETRY: Starting parallel processing (5 rotations simultaneously)...
🚀 PARALLEL: CUDA available - GPU: Xavier
🚀 PARALLEL: Testing 5 rotations with 5 workers...
Input tensor shape: torch.Size([1, 1, 64, 200])
Input tensor shape: torch.Size([1, 1, 64, 200])
Input tensor shape: torch.Size([1, 1, 64, 200])
Input tensor shape: torch.Size([1, 1, 64, 200])
📉 M301 RESET: ON → OFF
Input tensor shape: torch.Size([1, 1, 64, 200])
Input tensor shape: torch.Size([1, 1, 64, 200])
Input tensor shape: torch.Size([1, 1, 64, 200])Input tensor shape: torch.Size([1, 1, 64, 200])

Input tensor shape: torch.Size([1, 1, 64, 200])
Input tensor shape: torch.Size([1, 1, 64, 200])
Input tensor shape: torch.Size([1, 1, 64, 200])
Input tensor shape: torch.Size([1, 1, 64, 200])
✅ MFG FOUND: First line contains MFG/BBF: 'MFG23/10/25'
✅ PARALLEL: Found valid MFG at -90° - Stopping all other tasks
❌ NO MFG: First line does not contain MFG/BBF: 'E'
❌ NO MFG: First line does not contain MFG/BBF: '05'
❌ NO MFG: First line does not contain MFG/BBF: '5'
💾 CACHE: Stored result for image hash cfcd5a63... (cache size: 7)
🔄 CAP DETECTION THREAD: Rotation ฝาที่ 1 สำเร็จ
🔄 CAP DETECTION THREAD: ตรวจจับบรรทัดข้อความฝาที่ 1 สำเร็จ
Input tensor shape: torch.Size([1, 1, 64, 200])
Input tensor shape: torch.Size([1, 1, 64, 200])
Input tensor shape: torch.Size([1, 1, 64, 200])
🔄 CAP DETECTION THREAD: OCR ฝาที่ 1 สำเร็จ - อ่านได้ 6 รายการ
🔄 CAP DETECTION THREAD: Emitting result...
✅ CAP PROCESS COMPLETE: Cap detection finished
✅ CAP PROCESS COMPLETE: No error in result
✅ CAP PROCESS COMPLETE: Result keys: ['cap_result', 'processed_image', 'cropped_images', 'image', 'image_shape', 'cap_processing_results']
ℹ️ CAP PROCESS COMPLETE: Skipping early validation - will validate after processing is complete
🔍 DEBUG: display_cap_detection_results called with result type: <class 'dict'>
📋 M600 ยังไม่ reset - ถ่ายภาพและประมวลผลทันที (เก็บผลลัพธ์ไว้)
📋 เพิ่มคิวผลลัพธ์ (คิวปัจจุบัน: 2)
🔍 DEBUG: Found 2 cap processing results
🔍 DEBUG: Cap 1 result keys: ['cap_index', 'original_crop', 'craft_result', 'faded_text_result', 'craft_rotated_image', 'rotated_image', 'combined_result', 'line_detection_result', 'ocr_results']
🔍 DEBUG: Cap 1 has line_detection_result: True
🔍 DEBUG: Cap 1 has ocr_results: True
🔍 DEBUG: Cap 1 OCR results count: 6
🔍 DEBUG: Cap 1 line detection result type: <class 'dict'>
🔍 DEBUG: Cap 1 line detection keys: ['image_path', 'original_image', 'lines', 'total_lines', 'total_text_regions', 'text_boxes', 'text_polys', 'cropped_lines', 'settings_used', 'timestamp', 'rotation_info']
🔍 DEBUG: Cap 1 has error: False
🔍 DEBUG: Cap 1 cropped_lines count: 3
🔍 DEBUG: Cap 1 first cropped_line type: <class 'dict'>
🔍 DEBUG: Cap 1 first cropped_line keys: ['line_index', 'image', 'bbox', 'num_characters']
🔍 DEBUG: Cap 1 has line_detection_result
🔍 DEBUG: Line detection result keys: ['image_path', 'original_image', 'lines', 'total_lines', 'total_text_regions', 'text_boxes', 'text_polys', 'cropped_lines', 'settings_used', 'timestamp', 'rotation_info']
🔍 DEBUG: Number of cropped lines: 3
🔍 DEBUG: Found 3 cropped lines
🔍 DEBUG: First cropped line type: <class 'dict'>
🔍 DEBUG: First cropped line keys: ['line_index', 'image', 'bbox', 'num_characters']
🔍 DEBUG: Processing line 1, shape: (16, 98, 3)
🔍 DEBUG: Added line 1 to UI
🔍 DEBUG: Processing line 2, shape: (16, 95, 3)
🔍 DEBUG: Added line 2 to UI
🔍 DEBUG: Processing line 3, shape: (16, 69, 3)
🔍 DEBUG: Added line 3 to UI
🔍 DEBUG: Cap 2 result keys: ['cap_index', 'original_crop', 'craft_result', 'faded_text_result', 'craft_rotated_image', 'rotated_image', 'combined_result', 'line_detection_result', 'ocr_results']
🔍 DEBUG: Cap 2 has line_detection_result: True
🔍 DEBUG: Cap 2 has ocr_results: True
🔍 DEBUG: Cap 2 OCR results count: 6
🔍 DEBUG: Cap 2 line detection result type: <class 'dict'>
🔍 DEBUG: Cap 2 line detection keys: ['image_path', 'original_image', 'lines', 'total_lines', 'total_text_regions', 'text_boxes', 'text_polys', 'cropped_lines', 'settings_used', 'timestamp', 'rotation_info']
🔍 DEBUG: Cap 2 has error: False
🔍 DEBUG: Cap 2 cropped_lines count: 3
🔍 DEBUG: Cap 2 first cropped_line type: <class 'dict'>
🔍 DEBUG: Cap 2 first cropped_line keys: ['line_index', 'image', 'bbox', 'num_characters']
🔍 DEBUG: Cap 1 has line_detection_result
🔍 DEBUG: Line detection result keys: ['image_path', 'original_image', 'lines', 'total_lines', 'total_text_regions', 'text_boxes', 'text_polys', 'cropped_lines', 'settings_used', 'timestamp', 'rotation_info']
🔍 DEBUG: Number of cropped lines: 3
🔍 DEBUG: Found 3 cropped lines
🔍 DEBUG: First cropped line type: <class 'dict'>
🔍 DEBUG: First cropped line keys: ['line_index', 'image', 'bbox', 'num_characters']
🔍 DEBUG: Processing line 1, shape: (16, 98, 3)
🔍 DEBUG: Added line 1 to UI
🔍 DEBUG: Processing line 2, shape: (16, 95, 3)
🔍 DEBUG: Added line 2 to UI
🔍 DEBUG: Processing line 3, shape: (16, 69, 3)
🔍 DEBUG: Added line 3 to UI
✅ CAP PROCESSING COMPLETE UI: Displayed complete state for cap detection
🔍 CAP PROCESS COMPLETE: Bottle type is M100 - Validating cap result...
🔍 CAP PROCESS COMPLETE: Result keys: ['cap_result', 'processed_image', 'cropped_images', 'image', 'image_shape', 'cap_processing_results']
🔍 CAP VALIDATION: Validating cap result for M100
🔍 CAP VALIDATION: Using cap_processing_results
🔍 CAP VALIDATION: Faded text status: normal
🔍 CAP VALIDATION: Using all values (text only)
🔍 CAP VALIDATION: OCR text: 'MFG23/10/25 BBF10/11/25 04:35S02 2026-02-15 17:45:19.857331'
🔍 DATE TIME VALIDATION: Checking format for text: 'MFG23/10/25 BBF10/11/25 04:35S02 2026-02-15 17:45:...'
🔍 DATE TIME VALIDATION: has_date=True, has_time=True, format_valid=True
🔍 DATE TIME VALIDATION: Normal mode - no expiry filtering
🔍 CAP PROCESS COMPLETE: Validation result: True
❌ ขวดไม่ผ่าน (Defect NG) - ส่ง Modbus NG แทน Good
🔄 write_register: กำลังเขียน D7009 = 50
✅ Modbus client พร้อมใช้งาน - กำลังส่งคำสั่ง
✅ Write D7009 = 50 สำเร็จ
✅ ON M140: D7009 = 50 (ฝาไม่ผ่าน - ไม่ตรงกับฟอร์ม)
✅ ON M600 = True
⏳ รอ M401 ON เพื่อ RESET M600, M100, M110, M120, M130, M140...
📋 CAP PROCESS COMPLETE: Adding to history with cap result
✅ HISTORY: Line 1: MFG23/10/25
✅ HISTORY: Line 2: BBF10/11/25
✅ HISTORY: Line 3: 04:35S02
✅ HISTORY: Expiry date (lines 1-3): MFG23/10/25
BBF10/11/25
04:35S02
✅ HISTORY: Combined 3 cropped lines into cap image
✅ HISTORY: Cap image found: True
✅ HISTORY: Faded status: normal, total_area: 1678, num_chars: 3
✅ HISTORY: Added entry - None at 2026-02-15 17:45:20
🔇 SILENT TRIGGER RECEIVED - Starting silent capture and processing
🔇 SILENT CAPTURE: Starting silent image capture and processing...
🔇 SILENT CAPTURE: Attempt 1/3
📸 Captured latest frame: (1080, 1920, 3)
✅ SILENT CAPTURE: Success on attempt 1
🔇 SILENT CAPTURE: Image shape: (1080, 1920, 3)
🔇 SILENT PROCESS: Starting silent processing...
🔇 SILENT PROCESS: Processing thread started
🔇 SILENT CAPTURE: Starting silent Sentech image capture and processing...🔄 BOTTLE DETECTION THREAD: Starting processing...

📸 Capturing latest frame with Harvesters...🔄 BOTTLE DETECTION THREAD: Image shape: (1080, 1920, 3)

🔄 Flushing old frames from buffer...
  Flushing buffer... (flushed 1 frames)
  Flushing buffer... (flushed 2 frames)
  Flushing buffer... (flushed 3 frames)
  Flushing buffer... (flushed 4 frames)
🔄 BOTTLE DETECTION THREAD: Saved temp image
🔄 BOTTLE DETECTION THREAD: Calling process_bottle_image_simple...
  Flushing buffer... (flushed 5 frames)

  ✅ Flushed 27 old frame(s) from buffer
  ⏳ Waiting for new frame...
📸 Fetching latest frame...
  Image data shape: (5013504,)
  Image dimensions: 2448x2048
  Data type: uint8
  Min value: 10, Max value: 255
✅ Captured latest frame: (2048, 2448)
🔇 SILENT CAPTURE: Image shape: (2048, 2448)
🔇 SILENT PROCESS: Starting silent cap processing...
🏷️ CAP AUTO CAPTURE: ส่ง bottle_type = M100 ไปยัง CapDetectionThread
🔇 SILENT PROCESS: Cap processing thread started
🔄 CAP DETECTION THREAD: Starting processing...
🔄 CAP DETECTION THREAD: Image shape: (2048, 2448)
🔄 CAP DETECTION THREAD: Saved temp image
🔄 CAP DETECTION THREAD: Step 1 - ตรวจจับฝา
📐 Resized image for detection: 2448x2048 -> 1280x1070 (scale: 0.523)
0: 384x640 1 angle1, 1 type, 3579.0ms
Speed: 68.7ms preprocess, 3579.0ms inference, 3.1ms postprocess per image at shape (1, 3, 384, 640)
🔍 Defect inspection (angle1): score=0.1573 -> Good
🔄 BOTTLE DETECTION THREAD: Processing result type: <class 'dict'>
🔄 BOTTLE DETECTION THREAD: Processing result keys: ['detections', 'type_crops', 'angle1_crops', 'summary', 'original_image', 'defect_inspection']
🔍 BOTTLE DETECTION THREAD: YOLO detections: [{'bbox': (826, 0, 1314, 916), 'label': 'angle1', 'confidence': 0.9552406072616577, 'type': 'bottle'}, {'bbox': (948, 507, 1278, 664), 'label': 'type', 'confidence': 0.8960144519805908, 'type': 'bottle'}]
🔍 BOTTLE DETECTION THREAD: Summary: {'total_detections': 2, 'type_detections': 1, 'detected_labels': ['angle1', 'type'], 'has_type': True, 'angle1_detections': 1}
❌ BOTTLE DETECTION THREAD: 'angle3' not found in YOLO detections
🔄 BOTTLE DETECTION THREAD: Found 1 type crops
🔄 BOTTLE DETECTION THREAD: Processing crop 1
✅ OCR: Found 2 text regions
✅ OCR Text: น้ำเต้าหู้ สูตรน้ำตาล 2%
🔄 BOTTLE DETECTION THREAD: Crop 1 OCR results: 2
📝 BOTTLE DETECTION THREAD: Combined OCR Text: 'น้ำเต้าหู้ สูตรน้ำตาล 2%'
🏷️ BOTTLE DETECTION THREAD: Detected Bottle Type: M110
🔄 BOTTLE DETECTION THREAD: Emitting result...
✅ PROCESS COMPLETE: Processing finished
🔇 SILENT MODE: Storing result in queue (no UI display, no Modbus signals)
🔇 SILENT MODE: Bottle result stored, waiting for cap result...
✅ M401 ON มาถึงแล้ว! (คิว: 2)
✅ RESET M600 = 0
🔄 write_register: กำลังเขียน D7009 = 0
✅ Modbus client พร้อมใช้งาน - กำลังส่งคำสั่ง
✅ Write D7009 = 0 สำเร็จ
✅ RESET D7009 = 0 (พร้อมรับค่าใหม่)
✅ RESET M100 = 0
✅ RESET M110 = 0
✅ RESET M120 = 0
✅ RESET M130 = 0
✅ RESET M140 = 0
✅ RESET M720 = 0
✅ RESET M721 = 0
✅ RESET M722 = 0
✅ RESET M730 = 0
✅ RESET M731 = 0
✅ RESET M732 = 0
✅ RESET M733 = 0
✅ RESET M734 = 0
✅ RESET M735 = 0
✅ RESET M740 = 0
✅ RESET M741 = 0
✅ RESET M742 = 0
⏳ รอผลจากคิว (ยังประมวลผลไม่เสร็จ, คิว: 2) - ไม่ถ่ายภาพใหม่
✅ พบฝาทั้งหมด: 3 ฝา
   📍 ฝาที่ 1: ความเชื่อมั่น = 0.9579 (95.79%) | Class: bottle_cap | BBox: [1020, 327, 1213, 525]
   📍 ฝาที่ 2: ความเชื่อมั่น = 0.9577 (95.77%) | Class: bottle_cap | BBox: [1028, 42, 1218, 232]
   📍 ฝาที่ 3: ความเชื่อมั่น = 0.9566 (95.66%) | Class: bottle_cap | BBox: [1041, 612, 1232, 811]
🔄 CAP DETECTION THREAD: Step 2 - ตัดภาพ
🔄 CAP DETECTION THREAD: พบฝา 3 ฝา
🔄 CAP DETECTION THREAD: ตรวจสอบตำแหน่งฝา 3 ฝา
🔄 CAP DETECTION THREAD: ฝาที่ 1 - y_center: 426.0, ความเชื่อมั่น: 0.9579 (95.79%)
🔄 CAP DETECTION THREAD: ฝาที่ 2 - y_center: 137.0, ความเชื่อมั่น: 0.9577 (95.77%)
🔄 CAP DETECTION THREAD: ฝาที่ 3 - y_center: 711.5, ความเชื่อมั่น: 0.9566 (95.66%)
🔄 CAP DETECTION THREAD: เลือกฝาที่ 3 (y_center: 711.5, ความเชื่อมั่น: 0.9566 (95.66%)) เป็นฝาล่างสุด
✅ CAP DETECTION THREAD: เลือกฝาที่ 3 (ฝาล่างสุด) จาก 3 ฝา | ความเชื่อมั่น: 0.9566 (95.66%)
🔄 CAP DETECTION THREAD: ประมวลผลฝาที่ 3 (ฝาล่างสุด) (ความเชื่อมั่น: 95.66%)
🔄 CAP DETECTION THREAD: Step 2a - ปรับความคมชัดฝาที่ 3 ก่อน CRAFT
🔧 Enhancing cap image sharpness...
✅ Cap image sharpness enhanced
✅ CRAFT: Rotated image by -14.26 degrees
🔄 CAP DETECTION THREAD: Step 2a.5 - ตรวจสอบรอยจางในฝาที่ 3 (ก่อน CRAFT)
🔍 CAP DETECTION THREAD: ใช้ค่ากลางที่วิเคราะห์ได้ (brightness: 33) สำหรับการปรับภาพ
🔍 ENHANCE IMAGE: ใช้ค่ากลางที่วิเคราะห์ได้ - brightness=33, contrast=1.8
🔍 ใช้ Edges โดยตรงมาทำ Text Edges
🔍 AREA_THRESH = 0 — ปิดเกณฑ์จาง (ถือว่า normal)
Faded text detection - Components: 2, Area: 1589, Status: normal
🔄 CAP DETECTION THREAD: ตรวจสอบรอยจางฝาที่ 3 สำเร็จ - สถานะ: normal
📊 CAP DETECTION THREAD: total_area = 1589, num_chars = 2
🔄 CAP DETECTION THREAD: CRAFT หมุนฝาที่ 3 สำเร็จ
🔄 CACHE MISS: Processing new image (hash: dd1a5525...)
🚀 ROTATION RETRY: Starting parallel processing (5 rotations simultaneously)...
🚀 PARALLEL: CUDA available - GPU: Xavier
🚀 PARALLEL: Testing 5 rotations with 5 workers...
Split large region: 124x46 -> 2 parts (min_width=65, min_height=30)
Input tensor shape: torch.Size([1, 1, 64, 200])
Input tensor shape: torch.Size([1, 1, 64, 200])
Input tensor shape: torch.Size([1, 1, 64, 200])
Input tensor shape: torch.Size([1, 1, 64, 200])
Input tensor shape: torch.Size([1, 1, 64, 200])
Input tensor shape: torch.Size([1, 1, 64, 200])
Input tensor shape: torch.Size([1, 1, 64, 200])
Input tensor shape: torch.Size([1, 1, 64, 200])
Input tensor shape: torch.Size([1, 1, 64, 200])
Input tensor shape: torch.Size([1, 1, 64, 200])
Input tensor shape: torch.Size([1, 1, 64, 200])
Input tensor shape: torch.Size([1, 1, 64, 200])
Input tensor shape: torch.Size([1, 1, 64, 200])
Input tensor shape: torch.Size([1, 1, 64, 200])
❌ NO MFG: First line does not contain MFG/BBF: '1'
❌ NO MFG: First line does not contain MFG/BBF: '0'
❌ NO MFG: First line does not contain MFG/BBF: '0'
❌ NO MFG: First line does not contain MFG/BBF: '0'
✅ MFG FOUND: First line contains MFG/BBF: 'MFG18/01/25'
✅ PARALLEL: Found valid MFG at 180° - Stopping all other tasks
💾 CACHE: Stored result for image hash dd1a5525... (cache size: 8)
🔄 CAP DETECTION THREAD: Rotation ฝาที่ 3 สำเร็จ
🔄 CAP DETECTION THREAD: ตรวจจับบรรทัดข้อความฝาที่ 3 สำเร็จ
Input tensor shape: torch.Size([1, 1, 64, 200])
Input tensor shape: torch.Size([1, 1, 64, 200])
Input tensor shape: torch.Size([1, 1, 64, 200])
🔄 CAP DETECTION THREAD: OCR ฝาที่ 3 สำเร็จ - อ่านได้ 6 รายการ
🔄 CAP DETECTION THREAD: ลบไฟล์ชั่วคราวแล้ว
🔄 CAP DETECTION THREAD: Emitting result...
✅ CAP PROCESS COMPLETE: Cap detection finished
🔇 SILENT MODE: Storing cap result in queue (no UI display, no Modbus signals)
🔇 SILENT MODE: ผลพร้อม — แสดงจากคิวทันที (ลดคิวเหลือ: 1)
📋 RESULT READY TO DISPLAY - Showing results from queue and sending Modbus signals
📋 DISPLAY: Displaying bottle results from queue
📋 DISPLAY FROM QUEUE: Displaying bottle result from queue
🔄 DISPLAY SINGLE RESULTS: Starting to display results
🔄 DISPLAY SINGLE RESULTS: Summary: {'total_detections': 2, 'type_detections': 1, 'detected_labels': ['angle1', 'type'], 'has_type': True, 'angle1_detections': 1}
🔄 DISPLAY SINGLE RESULTS: Detections: 2
✅ DISPLAY SINGLE RESULTS: Results text set
🔄 DISPLAY RESULT IMAGE: Image shape: (1080, 1920, 3)
🔄 DISPLAY RESULT IMAGE: Resized to 400x225
✅ DISPLAY RESULT IMAGE: Image displayed in label
🔄 DISPLAY CROPPED IMAGES: Starting to display 1 crops
✅ DISPLAY CROPPED IMAGES: Cleared existing crops
✅ DISPLAY CROPPED IMAGES: Displayed 1 cropped images
✅ DISPLAY FROM QUEUE: Bottle result displayed
🎯 DISPLAY: Bottle type detected: M110 (ขวดผ่าน, จากคิว)
🎯 BOTTLE TYPE DETECTED: M110 (OCR: 'น้ำเต้าหู้ สูตรน้ำตาล 2%') [from queue]
📋 DISPLAY: Displaying cap results from queue
📋 DISPLAY FROM QUEUE: Displaying cap result from queue
❌ DISPLAY FROM QUEUE ERROR: The truth value of an array with more than one element is ambiguous. Use a.any() or a.all()
Traceback (most recent call last):
  File "/home/nvidia/Desktop/final_boss/backupsdcard/final/gui/handlers/cap_handlers.py", line 740, in display_result_from_queue
    cap_img = result.get('image') or result.get('processed_image')
ValueError: The truth value of an array with more than one element is ambiguous. Use a.any() or a.all()
🔍 CAP VALIDATION: Validating cap result for M110
🔍 CAP VALIDATION: Using cap_processing_results
🔍 CAP VALIDATION: Faded text status: normal
🔍 CAP VALIDATION: Using all values (text only)
🔍 CAP VALIDATION: OCR text: 'MFG18/01/25 BBF05/02/25 09:08S02 2026-02-15 17:45:30.173468'
🔍 DATE TIME VALIDATION: Checking format for text: 'MFG18/01/25 BBF05/02/25 09:08S02 2026-02-15 17:45:...'
🔍 DATE TIME VALIDATION: has_date=True, has_time=True, format_valid=True
🔍 DATE TIME VALIDATION: Normal mode - no expiry filtering
✅ DISPLAY: Cap + Bottle passed - Sending Modbus signals
🏷️ WRITE BOTTLE TYPE TO D7009 AFTER CAP VALIDATION: M110
🔄 write_register: กำลังเขียน D7009 = 20
✅ Modbus client พร้อมใช้งาน - กำลังส่งคำสั่ง
✅ Write D7009 = 20 สำเร็จ
✅ ON M110: D7009 = 20 (น้ำตาล 2%)
🏷️ ON M110 (พบคำว่า '2%' - ฝาผ่าน)
⏳ ON M600 และรอ M401 ON เพื่อ reset ทั้งหมด...
✅ ON M600 = True
⏳ รอ M401 ON เพื่อ RESET M600, M100, M110, M120, M130, M140...
✅ BOTTLE TYPE ON SUCCESS: M110 + M600
✅ HISTORY: Line 1: MFG18/01/25
✅ HISTORY: Line 2: BBF05/02/25
✅ HISTORY: Line 3: 09:08S02
✅ HISTORY: Expiry date (lines 1-3): MFG18/01/25
BBF05/02/25
09:08S02
✅ HISTORY: Combined 3 cropped lines into cap image
✅ HISTORY: Cap image found: True
✅ HISTORY: Faded status: normal, total_area: 1589, num_chars: 2
✅ HISTORY: Added entry - M110 at 2026-02-15 17:45:30
✅ DISPLAY: Results displayed and Modbus signals sent
📉 M301 RESET: ON → OFF
📋 M600 ยังไม่ reset - ถ่ายภาพและประมวลผลทันที (เก็บผลลัพธ์ไว้)
📋 เพิ่มคิวผลลัพธ์ (คิวปัจจุบัน: 2)
🔇 SILENT TRIGGER RECEIVED - Starting silent capture and processing
🔇 SILENT CAPTURE: Starting silent image capture and processing...
🔇 SILENT CAPTURE: Attempt 1/3
📸 Captured latest frame: (1080, 1920, 3)
✅ SILENT CAPTURE: Success on attempt 1
🔇 SILENT CAPTURE: Image shape: (1080, 1920, 3)
🔇 SILENT PROCESS: Starting silent processing...
🔇 SILENT PROCESS: Processing thread started
🔄 BOTTLE DETECTION THREAD: Starting processing...🔇 SILENT CAPTURE: Starting silent Sentech image capture and processing...

🔄 BOTTLE DETECTION THREAD: Image shape: (1080, 1920, 3)📸 Capturing latest frame with Harvesters...

🔄 Flushing old frames from buffer...
  Flushing buffer... (flushed 1 frames)
  Flushing buffer... (flushed 2 frames)
  Flushing buffer... (flushed 3 frames)
  Flushing buffer... (flushed 4 frames)
🔄 BOTTLE DETECTION THREAD: Saved temp image
  Flushing buffer... (flushed 5 frames)
🔄 BOTTLE DETECTION THREAD: Calling process_bottle_image_simple...

  ✅ Flushed 31 old frame(s) from buffer
  ⏳ Waiting for new frame...
📸 Fetching latest frame...
  Image data shape: (5013504,)
  Image dimensions: 2448x2048
  Data type: uint8
  Min value: 11, Max value: 255
✅ Captured latest frame: (2048, 2448)
🔇 SILENT CAPTURE: Image shape: (2048, 2448)
🔇 SILENT PROCESS: Starting silent cap processing...
🏷️ CAP AUTO CAPTURE: ส่ง bottle_type = M110 ไปยัง CapDetectionThread
🔇 SILENT PROCESS: Cap processing thread started
🔄 CAP DETECTION THREAD: Starting processing...
🔄 CAP DETECTION THREAD: Image shape: (2048, 2448)
🔄 CAP DETECTION THREAD: Saved temp image
🔄 CAP DETECTION THREAD: Step 1 - ตรวจจับฝา
📐 Resized image for detection: 2448x2048 -> 1280x1070 (scale: 0.523)
0: 384x640 1 angle1, 1 type, 3713.6ms
Speed: 72.0ms preprocess, 3713.6ms inference, 2.7ms postprocess per image at shape (1, 3, 384, 640)
🔍 Defect inspection (angle1): score=0.3569 -> Good
🔄 BOTTLE DETECTION THREAD: Processing result type: <class 'dict'>
🔄 BOTTLE DETECTION THREAD: Processing result keys: ['detections', 'type_crops', 'angle1_crops', 'summary', 'original_image', 'defect_inspection']
🔍 BOTTLE DETECTION THREAD: YOLO detections: [{'bbox': (810, 20, 1281, 939), 'label': 'angle1', 'confidence': 0.947616457939148, 'type': 'bottle'}, {'bbox': (903, 615, 1234, 770), 'label': 'type', 'confidence': 0.8907191157341003, 'type': 'bottle'}]
🔍 BOTTLE DETECTION THREAD: Summary: {'total_detections': 2, 'type_detections': 1, 'detected_labels': ['angle1', 'type'], 'has_type': True, 'angle1_detections': 1}
❌ BOTTLE DETECTION THREAD: 'angle3' not found in YOLO detections
🔄 BOTTLE DETECTION THREAD: Found 1 type crops
🔄 BOTTLE DETECTION THREAD: Processing crop 1
✅ OCR: Found 2 text regions
✅ OCR Text: น้ำเต้าหู้ สูตรน้ำตาล 2%
🔄 BOTTLE DETECTION THREAD: Crop 1 OCR results: 2
📝 BOTTLE DETECTION THREAD: Combined OCR Text: 'น้ำเต้าหู้ สูตรน้ำตาล 2%'
🏷️ BOTTLE DETECTION THREAD: Detected Bottle Type: M110
🔄 BOTTLE DETECTION THREAD: Emitting result...
✅ PROCESS COMPLETE: Processing finished
🔇 SILENT MODE: Storing result in queue (no UI display, no Modbus signals)
🔇 SILENT MODE: Bottle result stored, waiting for cap result...
✅ M401 ON มาถึงแล้ว! (คิว: 2)
✅ RESET M600 = 0
🔄 write_register: กำลังเขียน D7009 = 0
✅ Modbus client พร้อมใช้งาน - กำลังส่งคำสั่ง
✅ Write D7009 = 0 สำเร็จ
✅ RESET D7009 = 0 (พร้อมรับค่าใหม่)
✅ RESET M100 = 0
✅ RESET M110 = 0
✅ RESET M120 = 0
✅ RESET M130 = 0
✅ RESET M140 = 0
✅ RESET M720 = 0
✅ RESET M721 = 0
✅ RESET M722 = 0
✅ RESET M730 = 0
✅ RESET M731 = 0
✅ RESET M732 = 0
✅ RESET M733 = 0
✅ RESET M734 = 0
✅ RESET M735 = 0
✅ RESET M740 = 0
✅ RESET M741 = 0
✅ RESET M742 = 0
⏳ รอผลจากคิว (ยังประมวลผลไม่เสร็จ, คิว: 2) - ไม่ถ่ายภาพใหม่
✅ พบฝาทั้งหมด: 3 ฝา
   📍 ฝาที่ 1: ความเชื่อมั่น = 0.9562 (95.62%) | Class: bottle_cap | BBox: [1024, 608, 1215, 803]
   📍 ฝาที่ 2: ความเชื่อมั่น = 0.9533 (95.33%) | Class: bottle_cap | BBox: [1030, 313, 1222, 503]
   📍 ฝาที่ 3: ความเชื่อมั่น = 0.8890 (88.90%) | Class: bottle_cap | BBox: [1039, 0, 1220, 78]
🔄 CAP DETECTION THREAD: Step 2 - ตัดภาพ
🔄 CAP DETECTION THREAD: พบฝา 3 ฝา
🔄 CAP DETECTION THREAD: ตรวจสอบตำแหน่งฝา 3 ฝา
🔄 CAP DETECTION THREAD: ฝาที่ 1 - y_center: 705.5, ความเชื่อมั่น: 0.9562 (95.62%)
🔄 CAP DETECTION THREAD: ฝาที่ 2 - y_center: 408.0, ความเชื่อมั่น: 0.9533 (95.33%)
🔄 CAP DETECTION THREAD: ฝาที่ 3 - y_center: 39.0, ความเชื่อมั่น: 0.8890 (88.90%)
🔄 CAP DETECTION THREAD: เลือกฝาที่ 1 (y_center: 705.5, ความเชื่อมั่น: 0.9562 (95.62%)) เป็นฝาล่างสุด
✅ CAP DETECTION THREAD: เลือกฝาที่ 1 (ฝาล่างสุด) จาก 3 ฝา | ความเชื่อมั่น: 0.9562 (95.62%)
🔄 CAP DETECTION THREAD: ประมวลผลฝาที่ 1 (ฝาล่างสุด) (ความเชื่อมั่น: 95.62%)
🔄 CAP DETECTION THREAD: Step 2a - ปรับความคมชัดฝาที่ 1 ก่อน CRAFT
🔧 Enhancing cap image sharpness...
✅ Cap image sharpness enhanced
✅ CRAFT: Rotated image by -52.73 degrees
🔄 CAP DETECTION THREAD: Step 2a.5 - ตรวจสอบรอยจางในฝาที่ 1 (ก่อน CRAFT)
🔍 CAP DETECTION THREAD: ใช้ค่ากลางที่วิเคราะห์ได้ (brightness: 33) สำหรับการปรับภาพ
🔍 ENHANCE IMAGE: ใช้ค่ากลางที่วิเคราะห์ได้ - brightness=33, contrast=1.8
🔍 ใช้ Edges โดยตรงมาทำ Text Edges
🔍 AREA_THRESH = 0 — ปิดเกณฑ์จาง (ถือว่า normal)
Faded text detection - Components: 11, Area: 1382, Status: normal
🔄 CAP DETECTION THREAD: ตรวจสอบรอยจางฝาที่ 1 สำเร็จ - สถานะ: normal
📊 CAP DETECTION THREAD: total_area = 1382, num_chars = 11
🔄 CAP DETECTION THREAD: CRAFT หมุนฝาที่ 1 สำเร็จ
🔄 CACHE MISS: Processing new image (hash: 16fdb182...)
🚀 ROTATION RETRY: Starting parallel processing (5 rotations simultaneously)...
🚀 PARALLEL: CUDA available - GPU: Xavier
🚀 PARALLEL: Testing 5 rotations with 5 workers...
Input tensor shape: torch.Size([1, 1, 64, 200])
Split large region: 115x52 -> 2 parts (min_width=65, min_height=30)
Split large region: 111x34 -> 2 parts (min_width=65, min_height=30)
Split large region: 111x34 -> 2 parts (min_width=65, min_height=30)
Split large region: 115x52 -> 2 parts (min_width=65, min_height=30)
Input tensor shape: torch.Size([1, 1, 64, 200])
Input tensor shape: torch.Size([1, 1, 64, 200])
Input tensor shape: torch.Size([1, 1, 64, 200])
Input tensor shape: torch.Size([1, 1, 64, 200])
Input tensor shape: torch.Size([1, 1, 64, 200])
Input tensor shape: torch.Size([1, 1, 64, 200])
Input tensor shape: torch.Size([1, 1, 64, 200])
Input tensor shape: torch.Size([1, 1, 64, 200])
Input tensor shape: torch.Size([1, 1, 64, 200])
Input tensor shape: torch.Size([1, 1, 64, 200])
Input tensor shape: torch.Size([1, 1, 64, 200])
❌ NO MFG: First line does not contain MFG/BBF: 'W'
❌ NO MFG: First line does not contain MFG/BBF: '2'
❌ NO MFG: First line does not contain MFG/BBF: '1'
❌ NO MFG: First line does not contain MFG/BBF: '1'
❌ PARALLEL: No valid results found
⚠️ CAP DETECTION THREAD: Rotation ฝาที่ 1 ไม่สำเร็จ
🔄 CAP DETECTION THREAD: ลบไฟล์ชั่วคราวแล้ว
🔄 CAP DETECTION THREAD: Emitting result...
✅ CAP PROCESS COMPLETE: Cap detection finished
🔇 SILENT MODE: Storing cap result in queue (no UI display, no Modbus signals)
🔇 SILENT MODE: ผลพร้อม — แสดงจากคิวทันที (ลดคิวเหลือ: 1)
📋 RESULT READY TO DISPLAY - Showing results from queue and sending Modbus signals
📋 DISPLAY: Displaying bottle results from queue
📋 DISPLAY FROM QUEUE: Displaying bottle result from queue
🔄 DISPLAY SINGLE RESULTS: Starting to display results
🔄 DISPLAY SINGLE RESULTS: Summary: {'total_detections': 2, 'type_detections': 1, 'detected_labels': ['angle1', 'type'], 'has_type': True, 'angle1_detections': 1}
🔄 DISPLAY SINGLE RESULTS: Detections: 2
✅ DISPLAY SINGLE RESULTS: Results text set
🔄 DISPLAY RESULT IMAGE: Image shape: (1080, 1920, 3)
🔄 DISPLAY RESULT IMAGE: Resized to 400x225
✅ DISPLAY RESULT IMAGE: Image displayed in label
🔄 DISPLAY CROPPED IMAGES: Starting to display 1 crops
✅ DISPLAY CROPPED IMAGES: Cleared existing crops
✅ DISPLAY CROPPED IMAGES: Displayed 1 cropped images
✅ DISPLAY FROM QUEUE: Bottle result displayed
🎯 DISPLAY: Bottle type detected: M110 (ขวดผ่าน, จากคิว)
🎯 BOTTLE TYPE DETECTED: M110 (OCR: 'น้ำเต้าหู้ สูตรน้ำตาล 2%') [from queue]
📋 DISPLAY: Displaying cap results from queue
📋 DISPLAY FROM QUEUE: Displaying cap result from queue
❌ DISPLAY FROM QUEUE ERROR: The truth value of an array with more than one element is ambiguous. Use a.any() or a.all()
Traceback (most recent call last):
  File "/home/nvidia/Desktop/final_boss/backupsdcard/final/gui/handlers/cap_handlers.py", line 740, in display_result_from_queue
    cap_img = result.get('image') or result.get('processed_image')
ValueError: The truth value of an array with more than one element is ambiguous. Use a.any() or a.all()
🔍 CAP VALIDATION: Validating cap result for M110
❌ CAP VALIDATION: No OCR results found
❌ DISPLAY: ฝาไม่ผ่านหรือขวดไม่ผ่าน - Writing D7009 = 50 (NG)
🔄 write_register: กำลังเขียน D7009 = 50
✅ Modbus client พร้อมใช้งาน - กำลังส่งคำสั่ง
✅ Write D7009 = 50 สำเร็จ
✅ ON M140: D7009 = 50 (ฝาไม่ผ่าน - ไม่ตรงกับฟอร์ม)
🏷️ D7009 = 50 (ฝาไม่ผ่านหรือขวดไม่ผ่าน)
✅ ON M600 = True
⏳ รอ M401 ON เพื่อ RESET M600, M100, M110, M120, M130, M140...
✅ HISTORY: Cap image found: True
✅ HISTORY: Faded status: normal, total_area: 1382, num_chars: 11
✅ HISTORY: Added entry - M110 at 2026-02-15 17:45:44
✅ DISPLAY: Results displayed and Modbus signals sent
📉 M301 RESET: ON → OFF
📋 M600 ยังไม่ reset - ถ่ายภาพและประมวลผลทันที (เก็บผลลัพธ์ไว้)
📋 เพิ่มคิวผลลัพธ์ (คิวปัจจุบัน: 2)
🔇 SILENT TRIGGER RECEIVED - Starting silent capture and processing
🔇 SILENT CAPTURE: Starting silent image capture and processing...
🔇 SILENT CAPTURE: Attempt 1/3
📸 Captured latest frame: (1080, 1920, 3)
✅ SILENT CAPTURE: Success on attempt 1
🔇 SILENT CAPTURE: Image shape: (1080, 1920, 3)
🔇 SILENT PROCESS: Starting silent processing...
🔇 SILENT PROCESS: Processing thread started🔄 BOTTLE DETECTION THREAD: Starting processing...

🔇 SILENT CAPTURE: Starting silent Sentech image capture and processing...
📸 Capturing latest frame with Harvesters...
🔄 BOTTLE DETECTION THREAD: Image shape: (1080, 1920, 3)🔄 Flushing old frames from buffer...

  Flushing buffer... (flushed 1 frames)
  Flushing buffer... (flushed 2 frames)
  Flushing buffer... (flushed 3 frames)
  Flushing buffer... (flushed 4 frames)
🔄 BOTTLE DETECTION THREAD: Saved temp image
  Flushing buffer... (flushed 5 frames)🔄 BOTTLE DETECTION THREAD: Calling process_bottle_image_simple...


  ✅ Flushed 27 old frame(s) from buffer
  ⏳ Waiting for new frame...
📸 Fetching latest frame...
  Image data shape: (5013504,)
  Image dimensions: 2448x2048
  Data type: uint8
  Min value: 10, Max value: 255
✅ Captured latest frame: (2048, 2448)
🔇 SILENT CAPTURE: Image shape: (2048, 2448)
🔇 SILENT PROCESS: Starting silent cap processing...
🏷️ CAP AUTO CAPTURE: ส่ง bottle_type = M110 ไปยัง CapDetectionThread
🔇 SILENT PROCESS: Cap processing thread started
🔄 CAP DETECTION THREAD: Starting processing...
🔄 CAP DETECTION THREAD: Image shape: (2048, 2448)
🔄 CAP DETECTION THREAD: Saved temp image
🔄 CAP DETECTION THREAD: Step 1 - ตรวจจับฝา
📐 Resized image for detection: 2448x2048 -> 1280x1070 (scale: 0.523)
0: 384x640 1 angle1, 1 type, 3495.3ms
Speed: 41.3ms preprocess, 3495.3ms inference, 2.5ms postprocess per image at shape (1, 3, 384, 640)
🔍 Defect inspection (angle1): score=0.2901 -> Good
🔄 BOTTLE DETECTION THREAD: Processing result type: <class 'dict'>
🔄 BOTTLE DETECTION THREAD: Processing result keys: ['detections', 'type_crops', 'angle1_crops', 'summary', 'original_image', 'defect_inspection']
🔍 BOTTLE DETECTION THREAD: YOLO detections: [{'bbox': (808, 0, 1290, 920), 'label': 'angle1', 'confidence': 0.9500001668930054, 'type': 'bottle'}, {'bbox': (904, 580, 1236, 730), 'label': 'type', 'confidence': 0.9188264608383179, 'type': 'bottle'}]
🔍 BOTTLE DETECTION THREAD: Summary: {'total_detections': 2, 'type_detections': 1, 'detected_labels': ['angle1', 'type'], 'has_type': True, 'angle1_detections': 1}
❌ BOTTLE DETECTION THREAD: 'angle3' not found in YOLO detections
🔄 BOTTLE DETECTION THREAD: Found 1 type crops
🔄 BOTTLE DETECTION THREAD: Processing crop 1
✅ M401 ON มาถึงแล้ว! (คิว: 2)
✅ RESET M600 = 0
🔄 write_register: กำลังเขียน D7009 = 0
✅ Modbus client พร้อมใช้งาน - กำลังส่งคำสั่ง
✅ Write D7009 = 0 สำเร็จ
✅ RESET D7009 = 0 (พร้อมรับค่าใหม่)
✅ RESET M100 = 0
✅ RESET M110 = 0
✅ RESET M120 = 0
✅ RESET M130 = 0
✅ RESET M140 = 0
✅ RESET M720 = 0
✅ RESET M721 = 0
✅ RESET M722 = 0
✅ RESET M730 = 0
✅ RESET M731 = 0
✅ RESET M732 = 0
✅ RESET M733 = 0
✅ RESET M734 = 0
✅ RESET M735 = 0
✅ RESET M740 = 0
✅ RESET M741 = 0
✅ RESET M742 = 0
⏳ รอผลจากคิว (ยังประมวลผลไม่เสร็จ, คิว: 2) - ไม่ถ่ายภาพใหม่
✅ OCR: Found 2 text regions
✅ OCR Text: น้ำเต้าหู้ ผสมเม็ดแมงลัก
🔄 BOTTLE DETECTION THREAD: Crop 1 OCR results: 2
📝 BOTTLE DETECTION THREAD: Combined OCR Text: 'น้ำเต้าหู้ ผสมเม็ดแมงลัก'
🏷️ BOTTLE DETECTION THREAD: Detected Bottle Type: M120
🔄 BOTTLE DETECTION THREAD: Emitting result...
✅ PROCESS COMPLETE: Processing finished
🔇 SILENT MODE: Storing result in queue (no UI display, no Modbus signals)
🔇 SILENT MODE: Bottle result stored, waiting for cap result...
✅ พบฝาทั้งหมด: 3 ฝา
   📍 ฝาที่ 1: ความเชื่อมั่น = 0.9593 (95.93%) | Class: bottle_cap | BBox: [1036, 598, 1224, 793]
   📍 ฝาที่ 2: ความเชื่อมั่น = 0.9559 (95.59%) | Class: bottle_cap | BBox: [1033, 235, 1226, 429]
   📍 ฝาที่ 3: ความเชื่อมั่น = 0.8406 (84.06%) | Class: bottle_cap | BBox: [1032, 0, 1225, 130]
🔄 CAP DETECTION THREAD: Step 2 - ตัดภาพ
🔄 CAP DETECTION THREAD: พบฝา 3 ฝา
🔄 CAP DETECTION THREAD: ตรวจสอบตำแหน่งฝา 3 ฝา
🔄 CAP DETECTION THREAD: ฝาที่ 1 - y_center: 695.5, ความเชื่อมั่น: 0.9593 (95.93%)
🔄 CAP DETECTION THREAD: ฝาที่ 2 - y_center: 332.0, ความเชื่อมั่น: 0.9559 (95.59%)
🔄 CAP DETECTION THREAD: ฝาที่ 3 - y_center: 65.0, ความเชื่อมั่น: 0.8406 (84.06%)
🔄 CAP DETECTION THREAD: เลือกฝาที่ 1 (y_center: 695.5, ความเชื่อมั่น: 0.9593 (95.93%)) เป็นฝาล่างสุด
✅ CAP DETECTION THREAD: เลือกฝาที่ 1 (ฝาล่างสุด) จาก 3 ฝา | ความเชื่อมั่น: 0.9593 (95.93%)
🔄 CAP DETECTION THREAD: ประมวลผลฝาที่ 1 (ฝาล่างสุด) (ความเชื่อมั่น: 95.93%)
🔄 CAP DETECTION THREAD: Step 2a - ปรับความคมชัดฝาที่ 1 ก่อน CRAFT
🔧 Enhancing cap image sharpness...
✅ Cap image sharpness enhanced
✅ CRAFT: Rotated image by -22.41 degrees
🔄 CAP DETECTION THREAD: Step 2a.5 - ตรวจสอบรอยจางในฝาที่ 1 (ก่อน CRAFT)
🔍 CAP DETECTION THREAD: ใช้ค่ากลางที่วิเคราะห์ได้ (brightness: 33) สำหรับการปรับภาพ
🔍 ENHANCE IMAGE: ใช้ค่ากลางที่วิเคราะห์ได้ - brightness=33, contrast=1.8
🔍 ใช้ Edges โดยตรงมาทำ Text Edges
🔍 AREA_THRESH = 0 — ปิดเกณฑ์จาง (ถือว่า normal)
Faded text detection - Components: 3, Area: 1321, Status: normal
🔄 CAP DETECTION THREAD: ตรวจสอบรอยจางฝาที่ 1 สำเร็จ - สถานะ: normal
📊 CAP DETECTION THREAD: total_area = 1321, num_chars = 3
🔄 CAP DETECTION THREAD: CRAFT หมุนฝาที่ 1 สำเร็จ
🔄 CACHE MISS: Processing new image (hash: 54a629ee...)
🚀 ROTATION RETRY: Starting parallel processing (5 rotations simultaneously)...
🚀 PARALLEL: CUDA available - GPU: Xavier
🚀 PARALLEL: Testing 5 rotations with 5 workers...
Input tensor shape: torch.Size([1, 1, 64, 200])
Input tensor shape: torch.Size([1, 1, 64, 200])Input tensor shape: torch.Size([1, 1, 64, 200])

Input tensor shape: torch.Size([1, 1, 64, 200])
Input tensor shape: torch.Size([1, 1, 64, 200])
Input tensor shape: torch.Size([1, 1, 64, 200])
Input tensor shape: torch.Size([1, 1, 64, 200])
Input tensor shape: torch.Size([1, 1, 64, 200])
Input tensor shape: torch.Size([1, 1, 64, 200])
Error in deep recognition processing: index -1 is out of bounds for dimension 0 with size 0
Traceback (most recent call last):
  File "/home/nvidia/Desktop/final_boss/backupsdcard/final/libs/processing/deep_ocr.py", line 798, in _process_with_deep_recognition
    confidence_score = pred_max_prob.cumprod(dim=0)[-1].item()
IndexError: index -1 is out of bounds for dimension 0 with size 0
Input tensor shape: torch.Size([1, 1, 64, 200])
Input tensor shape: torch.Size([1, 1, 64, 200])
Input tensor shape: torch.Size([1, 1, 64, 200])
Input tensor shape: torch.Size([1, 1, 64, 200])
Input tensor shape: torch.Size([1, 1, 64, 200])
Input tensor shape: torch.Size([1, 1, 64, 200])
Error in deep recognition processing: index -1 is out of bounds for dimension 0 with size 0
Traceback (most recent call last):
  File "/home/nvidia/Desktop/final_boss/backupsdcard/final/libs/processing/deep_ocr.py", line 798, in _process_with_deep_recognition
    confidence_score = pred_max_prob.cumprod(dim=0)[-1].item()
IndexError: index -1 is out of bounds for dimension 0 with size 0
❌ NO MFG: First line does not contain MFG/BBF: 'W'
Error in deep recognition processing: index -1 is out of bounds for dimension 0 with size 0
Traceback (most recent call last):
  File "/home/nvidia/Desktop/final_boss/backupsdcard/final/libs/processing/deep_ocr.py", line 798, in _process_with_deep_recognition
    confidence_score = pred_max_prob.cumprod(dim=0)[-1].item()
IndexError: index -1 is out of bounds for dimension 0 with size 0
❌ NO MFG: First line does not contain MFG/BBF: 'W'
✅ MFG FOUND: First line contains MFG/BBF: 'MFG23/12/25'
✅ PARALLEL: Found valid MFG at 0° - Stopping all other tasks
❌ NO MFG: First line does not contain MFG/BBF: '20:18S08'
💾 CACHE: Stored result for image hash 54a629ee... (cache size: 9)
🔄 CAP DETECTION THREAD: Rotation ฝาที่ 1 สำเร็จ
🔄 CAP DETECTION THREAD: ตรวจจับบรรทัดข้อความฝาที่ 1 สำเร็จ
Input tensor shape: torch.Size([1, 1, 64, 200])
Input tensor shape: torch.Size([1, 1, 64, 200])
Input tensor shape: torch.Size([1, 1, 64, 200])
🔄 CAP DETECTION THREAD: OCR ฝาที่ 1 สำเร็จ - อ่านได้ 6 รายการ
🔄 CAP DETECTION THREAD: ลบไฟล์ชั่วคราวแล้ว
🔄 CAP DETECTION THREAD: Emitting result...
✅ CAP PROCESS COMPLETE: Cap detection finished
🔇 SILENT MODE: Storing cap result in queue (no UI display, no Modbus signals)
🔇 SILENT MODE: ผลพร้อม — แสดงจากคิวทันที (ลดคิวเหลือ: 1)
📋 RESULT READY TO DISPLAY - Showing results from queue and sending Modbus signals
📋 DISPLAY: Displaying bottle results from queue
📋 DISPLAY FROM QUEUE: Displaying bottle result from queue
🔄 DISPLAY SINGLE RESULTS: Starting to display results
🔄 DISPLAY SINGLE RESULTS: Summary: {'total_detections': 2, 'type_detections': 1, 'detected_labels': ['angle1', 'type'], 'has_type': True, 'angle1_detections': 1}
🔄 DISPLAY SINGLE RESULTS: Detections: 2
✅ DISPLAY SINGLE RESULTS: Results text set
🔄 DISPLAY RESULT IMAGE: Image shape: (1080, 1920, 3)
🔄 DISPLAY RESULT IMAGE: Resized to 400x225
✅ DISPLAY RESULT IMAGE: Image displayed in label
🔄 DISPLAY CROPPED IMAGES: Starting to display 1 crops
✅ DISPLAY CROPPED IMAGES: Cleared existing crops
✅ DISPLAY CROPPED IMAGES: Displayed 1 cropped images
✅ DISPLAY FROM QUEUE: Bottle result displayed
🎯 DISPLAY: Bottle type detected: M120 (ขวดผ่าน, จากคิว)
🎯 BOTTLE TYPE DETECTED: M120 (OCR: 'น้ำเต้าหู้ ผสมเม็ดแมงลัก') [from queue]
📋 DISPLAY: Displaying cap results from queue
📋 DISPLAY FROM QUEUE: Displaying cap result from queue
❌ DISPLAY FROM QUEUE ERROR: The truth value of an array with more than one element is ambiguous. Use a.any() or a.all()
Traceback (most recent call last):
  File "/home/nvidia/Desktop/final_boss/backupsdcard/final/gui/handlers/cap_handlers.py", line 740, in display_result_from_queue
    cap_img = result.get('image') or result.get('processed_image')
ValueError: The truth value of an array with more than one element is ambiguous. Use a.any() or a.all()
🔍 CAP VALIDATION: Validating cap result for M120
🔍 CAP VALIDATION: Using cap_processing_results
🔍 CAP VALIDATION: Faded text status: normal
🔍 CAP VALIDATION: Using all values (text only)
🔍 CAP VALIDATION: OCR text: 'MFG23/12/25 BBF10/01/26 23:37002 2026-02-15 17:46:06.263377'
🔍 DATE TIME VALIDATION: Checking format for text: 'MFG23/12/25 BBF10/01/26 23:37002 2026-02-15 17:46:...'
🔍 DATE TIME VALIDATION: has_date=True, has_time=True, format_valid=True
🔍 DATE TIME VALIDATION: Normal mode - no expiry filtering
✅ DISPLAY: Cap + Bottle passed - Sending Modbus signals
🏷️ WRITE BOTTLE TYPE TO D7009 AFTER CAP VALIDATION: M120
🔄 write_register: กำลังเขียน D7009 = 30
✅ Modbus client พร้อมใช้งาน - กำลังส่งคำสั่ง
✅ Write D7009 = 30 สำเร็จ
✅ ON M120: D7009 = 30 (ผสมแมงลัก)
🏷️ ON M120 (พบคำว่า 'ลัก' - ฝาผ่าน)
⏳ ON M600 และรอ M401 ON เพื่อ reset ทั้งหมด...
✅ ON M600 = True
⏳ รอ M401 ON เพื่อ RESET M600, M100, M110, M120, M130, M140...
✅ BOTTLE TYPE ON SUCCESS: M120 + M600
✅ HISTORY: Line 1: MFG23/12/25
✅ HISTORY: Line 2: BBF10/01/26
✅ HISTORY: Line 3: 23:37002
✅ HISTORY: Expiry date (lines 1-3): MFG23/12/25
BBF10/01/26
23:37002
✅ HISTORY: Combined 3 cropped lines into cap image
✅ HISTORY: Cap image found: True
✅ HISTORY: Faded status: normal, total_area: 1321, num_chars: 3
✅ HISTORY: Added entry - M120 at 2026-02-15 17:46:09
✅ DISPLAY: Results displayed and Modbus signals sent
📉 M301 RESET: ON → OFF
📋 M600 ยังไม่ reset - ถ่ายภาพและประมวลผลทันที (เก็บผลลัพธ์ไว้)
📋 เพิ่มคิวผลลัพธ์ (คิวปัจจุบัน: 2)
🔇 SILENT TRIGGER RECEIVED - Starting silent capture and processing
🔇 SILENT CAPTURE: Starting silent image capture and processing...
🔇 SILENT CAPTURE: Attempt 1/3
📸 Captured latest frame: (1080, 1920, 3)
✅ SILENT CAPTURE: Success on attempt 1
🔇 SILENT CAPTURE: Image shape: (1080, 1920, 3)
🔇 SILENT PROCESS: Starting silent processing...
🔇 SILENT PROCESS: Processing thread started🔄 BOTTLE DETECTION THREAD: Starting processing...

🔄 BOTTLE DETECTION THREAD: Image shape: (1080, 1920, 3)
🔄 BOTTLE DETECTION THREAD: Saved temp image🔇 SILENT CAPTURE: Starting silent Sentech image capture and processing...

🔄 BOTTLE DETECTION THREAD: Calling process_bottle_image_simple...📸 Capturing latest frame with Harvesters...

🔄 Flushing old frames from buffer...

  Flushing buffer... (flushed 1 frames)
  Flushing buffer... (flushed 2 frames)
  Flushing buffer... (flushed 3 frames)
  Flushing buffer... (flushed 4 frames)
  Flushing buffer... (flushed 5 frames)
  ✅ Flushed 30 old frame(s) from buffer
  ⏳ Waiting for new frame...
📸 Fetching latest frame...
  Image data shape: (5013504,)
  Image dimensions: 2448x2048
  Data type: uint8
  Min value: 10, Max value: 255
✅ Captured latest frame: (2048, 2448)
🔇 SILENT CAPTURE: Image shape: (2048, 2448)
🔇 SILENT PROCESS: Starting silent cap processing...
🏷️ CAP AUTO CAPTURE: ส่ง bottle_type = M120 ไปยัง CapDetectionThread
🔇 SILENT PROCESS: Cap processing thread started
🔄 CAP DETECTION THREAD: Starting processing...
🔄 CAP DETECTION THREAD: Image shape: (2048, 2448)
🔄 CAP DETECTION THREAD: Saved temp image
🔄 CAP DETECTION THREAD: Step 1 - ตรวจจับฝา
📐 Resized image for detection: 2448x2048 -> 1280x1070 (scale: 0.523)
0: 384x640 1 angle1, 1 type, 4254.6ms
Speed: 67.8ms preprocess, 4254.6ms inference, 2.5ms postprocess per image at shape (1, 3, 384, 640)
🔍 Defect inspection (angle1): score=0.2119 -> Good
🔄 BOTTLE DETECTION THREAD: Processing result type: <class 'dict'>
🔄 BOTTLE DETECTION THREAD: Processing result keys: ['detections', 'type_crops', 'angle1_crops', 'summary', 'original_image', 'defect_inspection']
🔍 BOTTLE DETECTION THREAD: YOLO detections: [{'bbox': (816, 0, 1300, 928), 'label': 'angle1', 'confidence': 0.948593020439148, 'type': 'bottle'}, {'bbox': (914, 531, 1251, 687), 'label': 'type', 'confidence': 0.9013229012489319, 'type': 'bottle'}]
🔍 BOTTLE DETECTION THREAD: Summary: {'total_detections': 2, 'type_detections': 1, 'detected_labels': ['angle1', 'type'], 'has_type': True, 'angle1_detections': 1}
❌ BOTTLE DETECTION THREAD: 'angle3' not found in YOLO detections
🔄 BOTTLE DETECTION THREAD: Found 1 type crops
🔄 BOTTLE DETECTION THREAD: Processing crop 1
✅ M401 ON มาถึงแล้ว! (คิว: 2)
✅ RESET M600 = 0
🔄 write_register: กำลังเขียน D7009 = 0
✅ Modbus client พร้อมใช้งาน - กำลังส่งคำสั่ง
✅ Write D7009 = 0 สำเร็จ
✅ RESET D7009 = 0 (พร้อมรับค่าใหม่)
✅ RESET M100 = 0
✅ RESET M110 = 0
✅ RESET M120 = 0
✅ RESET M130 = 0
✅ RESET M140 = 0
✅ RESET M720 = 0
✅ RESET M721 = 0
✅ RESET M722 = 0
✅ RESET M730 = 0
✅ RESET M731 = 0
✅ RESET M732 = 0
✅ RESET M733 = 0
✅ RESET M734 = 0
✅ RESET M735 = 0
✅ RESET M740 = 0
✅ RESET M741 = 0
✅ RESET M742 = 0
⏳ รอผลจากคิว (ยังประมวลผลไม่เสร็จ, คิว: 2) - ไม่ถ่ายภาพใหม่
✅ OCR: Found 3 text regions
✅ OCR Text: น้ำเต้าหู้  สูตรน้ำตาล 2%
🔄 BOTTLE DETECTION THREAD: Crop 1 OCR results: 3
📝 BOTTLE DETECTION THREAD: Combined OCR Text: 'น้ำเต้าหู้  สูตรน้ำตาล 2%'
🏷️ BOTTLE DETECTION THREAD: Detected Bottle Type: M110
🔄 BOTTLE DETECTION THREAD: Emitting result...
✅ PROCESS COMPLETE: Processing finished
🔇 SILENT MODE: Storing result in queue (no UI display, no Modbus signals)
🔇 SILENT MODE: Bottle result stored, waiting for cap result...
✅ พบฝาทั้งหมด: 2 ฝา
   📍 ฝาที่ 1: ความเชื่อมั่น = 0.9577 (95.77%) | Class: bottle_cap | BBox: [1037, 627, 1228, 822]
   📍 ฝาที่ 2: ความเชื่อมั่น = 0.9545 (95.45%) | Class: bottle_cap | BBox: [1033, 327, 1226, 521]
🔄 CAP DETECTION THREAD: Step 2 - ตัดภาพ
🔄 CAP DETECTION THREAD: พบฝา 2 ฝา
🔄 CAP DETECTION THREAD: ตรวจสอบตำแหน่งฝา 2 ฝา
🔄 CAP DETECTION THREAD: ฝาที่ 1 - y_center: 724.5, ความเชื่อมั่น: 0.9577 (95.77%)
🔄 CAP DETECTION THREAD: ฝาที่ 2 - y_center: 424.0, ความเชื่อมั่น: 0.9545 (95.45%)
🔄 CAP DETECTION THREAD: เลือกฝาที่ 1 (y_center: 724.5, ความเชื่อมั่น: 0.9577 (95.77%)) เป็นฝาล่างสุด
✅ CAP DETECTION THREAD: เลือกฝาที่ 1 (ฝาล่างสุด) จาก 2 ฝา | ความเชื่อมั่น: 0.9577 (95.77%)
🔄 CAP DETECTION THREAD: ประมวลผลฝาที่ 1 (ฝาล่างสุด) (ความเชื่อมั่น: 95.77%)
🔄 CAP DETECTION THREAD: Step 2a - ปรับความคมชัดฝาที่ 1 ก่อน CRAFT
🔧 Enhancing cap image sharpness...
✅ Cap image sharpness enhanced
✅ CRAFT: Rotated image by 44.19 degrees
🔄 CAP DETECTION THREAD: Step 2a.5 - ตรวจสอบรอยจางในฝาที่ 1 (ก่อน CRAFT)
🔍 CAP DETECTION THREAD: ใช้ค่ากลางที่วิเคราะห์ได้ (brightness: 33) สำหรับการปรับภาพ
🔍 ENHANCE IMAGE: ใช้ค่ากลางที่วิเคราะห์ได้ - brightness=33, contrast=1.8
🔍 ใช้ Edges โดยตรงมาทำ Text Edges
🔍 AREA_THRESH = 0 — ปิดเกณฑ์จาง (ถือว่า normal)
Faded text detection - Components: 3, Area: 1498, Status: normal
🔄 CAP DETECTION THREAD: ตรวจสอบรอยจางฝาที่ 1 สำเร็จ - สถานะ: normal
📊 CAP DETECTION THREAD: total_area = 1498, num_chars = 3
🔄 CAP DETECTION THREAD: CRAFT หมุนฝาที่ 1 สำเร็จ
🔄 CACHE MISS: Processing new image (hash: f805949a...)
🚀 ROTATION RETRY: Starting parallel processing (5 rotations simultaneously)...
🚀 PARALLEL: CUDA available - GPU: Xavier
🚀 PARALLEL: Testing 5 rotations with 5 workers...
Input tensor shape: torch.Size([1, 1, 64, 200])
Input tensor shape: torch.Size([1, 1, 64, 200])
Input tensor shape: torch.Size([1, 1, 64, 200])
Input tensor shape: torch.Size([1, 1, 64, 200])
Input tensor shape: torch.Size([1, 1, 64, 200])
Input tensor shape: torch.Size([1, 1, 64, 200])
✅ MFG FOUND: First line contains MFG/BBF: 'MFG15/09/25'
✅ PARALLEL: Found valid MFG at 90° - Stopping all other tasks
❌ NO MFG: First line does not contain MFG/BBF: 'M'
💾 CACHE: Stored result for image hash f805949a... (cache size: 10)
🔄 CAP DETECTION THREAD: Rotation ฝาที่ 1 สำเร็จ
🔄 CAP DETECTION THREAD: ตรวจจับบรรทัดข้อความฝาที่ 1 สำเร็จ
Input tensor shape: torch.Size([1, 1, 64, 200])
Input tensor shape: torch.Size([1, 1, 64, 200])
Input tensor shape: torch.Size([1, 1, 64, 200])
🔄 CAP DETECTION THREAD: OCR ฝาที่ 1 สำเร็จ - อ่านได้ 6 รายการ
🔄 CAP DETECTION THREAD: ลบไฟล์ชั่วคราวแล้ว
🔄 CAP DETECTION THREAD: Emitting result...
✅ CAP PROCESS COMPLETE: Cap detection finished
🔇 SILENT MODE: Storing cap result in queue (no UI display, no Modbus signals)
🔇 SILENT MODE: ผลพร้อม — แสดงจากคิวทันที (ลดคิวเหลือ: 1)
📋 RESULT READY TO DISPLAY - Showing results from queue and sending Modbus signals
📋 DISPLAY: Displaying bottle results from queue
📋 DISPLAY FROM QUEUE: Displaying bottle result from queue
🔄 DISPLAY SINGLE RESULTS: Starting to display results
🔄 DISPLAY SINGLE RESULTS: Summary: {'total_detections': 2, 'type_detections': 1, 'detected_labels': ['angle1', 'type'], 'has_type': True, 'angle1_detections': 1}
🔄 DISPLAY SINGLE RESULTS: Detections: 2
✅ DISPLAY SINGLE RESULTS: Results text set
🔄 DISPLAY RESULT IMAGE: Image shape: (1080, 1920, 3)
🔄 DISPLAY RESULT IMAGE: Resized to 400x225
✅ DISPLAY RESULT IMAGE: Image displayed in label
🔄 DISPLAY CROPPED IMAGES: Starting to display 1 crops
✅ DISPLAY CROPPED IMAGES: Cleared existing crops
✅ DISPLAY CROPPED IMAGES: Displayed 1 cropped images
✅ DISPLAY FROM QUEUE: Bottle result displayed
🎯 DISPLAY: Bottle type detected: M110 (ขวดผ่าน, จากคิว)
🎯 BOTTLE TYPE DETECTED: M110 (OCR: 'น้ำเต้าหู้  สูตรน้ำตาล 2%') [from queue]
📋 DISPLAY: Displaying cap results from queue
📋 DISPLAY FROM QUEUE: Displaying cap result from queue
❌ DISPLAY FROM QUEUE ERROR: The truth value of an array with more than one element is ambiguous. Use a.any() or a.all()
Traceback (most recent call last):
  File "/home/nvidia/Desktop/final_boss/backupsdcard/final/gui/handlers/cap_handlers.py", line 740, in display_result_from_queue
    cap_img = result.get('image') or result.get('processed_image')
ValueError: The truth value of an array with more than one element is ambiguous. Use a.any() or a.all()
🔍 CAP VALIDATION: Validating cap result for M110
🔍 CAP VALIDATION: Using cap_processing_results
🔍 CAP VALIDATION: Faded text status: normal
🔍 CAP VALIDATION: Using all values (text only)
🔍 CAP VALIDATION: OCR text: 'MFG15/09/25 BBF03/10/25 11:46S02 2026-02-15 17:46:29.989968'
🔍 DATE TIME VALIDATION: Checking format for text: 'MFG15/09/25 BBF03/10/25 11:46S02 2026-02-15 17:46:...'
🔍 DATE TIME VALIDATION: has_date=True, has_time=True, format_valid=True
🔍 DATE TIME VALIDATION: Normal mode - no expiry filtering
✅ DISPLAY: Cap + Bottle passed - Sending Modbus signals
🏷️ WRITE BOTTLE TYPE TO D7009 AFTER CAP VALIDATION: M110
🔄 write_register: กำลังเขียน D7009 = 20
✅ Modbus client พร้อมใช้งาน - กำลังส่งคำสั่ง
✅ Write D7009 = 20 สำเร็จ
✅ ON M110: D7009 = 20 (น้ำตาล 2%)
🏷️ ON M110 (พบคำว่า '2%' - ฝาผ่าน)
⏳ ON M600 และรอ M401 ON เพื่อ reset ทั้งหมด...
✅ ON M600 = True
⏳ รอ M401 ON เพื่อ RESET M600, M100, M110, M120, M130, M140...
✅ BOTTLE TYPE ON SUCCESS: M110 + M600
✅ HISTORY: Line 1: MFG15/09/25
✅ HISTORY: Line 2: BBF03/10/25
✅ HISTORY: Line 3: 11:46S02
✅ HISTORY: Expiry date (lines 1-3): MFG15/09/25
BBF03/10/25
11:46S02
✅ HISTORY: Combined 3 cropped lines into cap image
✅ HISTORY: Cap image found: True
✅ HISTORY: Faded status: normal, total_area: 1498, num_chars: 3
✅ HISTORY: Added entry - M110 at 2026-02-15 17:46:34
✅ DISPLAY: Results displayed and Modbus signals sent
📉 M301 RESET: ON → OFF
📋 M600 ยังไม่ reset - ถ่ายภาพและประมวลผลทันที (เก็บผลลัพธ์ไว้)
📋 เพิ่มคิวผลลัพธ์ (คิวปัจจุบัน: 2)
🔇 SILENT TRIGGER RECEIVED - Starting silent capture and processing
🔇 SILENT CAPTURE: Starting silent image capture and processing...
🔇 SILENT CAPTURE: Attempt 1/3
📸 Captured latest frame: (1080, 1920, 3)
✅ SILENT CAPTURE: Success on attempt 1
🔇 SILENT CAPTURE: Image shape: (1080, 1920, 3)
🔇 SILENT PROCESS: Starting silent processing...
🔇 SILENT PROCESS: Processing thread started
🔄 BOTTLE DETECTION THREAD: Starting processing...
🔄 BOTTLE DETECTION THREAD: Image shape: (1080, 1920, 3)
🔇 SILENT CAPTURE: Starting silent Sentech image capture and processing...
🔄 BOTTLE DETECTION THREAD: Saved temp image
🔄 BOTTLE DETECTION THREAD: Calling process_bottle_image_simple...
📸 Capturing latest frame with Harvesters...

🔄 Flushing old frames from buffer...
  Flushing buffer... (flushed 1 frames)
  Flushing buffer... (flushed 2 frames)
  Flushing buffer... (flushed 3 frames)
  Flushing buffer... (flushed 4 frames)
  Flushing buffer... (flushed 5 frames)
  ✅ Flushed 30 old frame(s) from buffer
  ⏳ Waiting for new frame...
📸 Fetching latest frame...
  Image data shape: (5013504,)
  Image dimensions: 2448x2048
  Data type: uint8
  Min value: 11, Max value: 255
✅ Captured latest frame: (2048, 2448)
🔇 SILENT CAPTURE: Image shape: (2048, 2448)
🔇 SILENT PROCESS: Starting silent cap processing...
🏷️ CAP AUTO CAPTURE: ส่ง bottle_type = M110 ไปยัง CapDetectionThread
🔇 SILENT PROCESS: Cap processing thread started
🔄 CAP DETECTION THREAD: Starting processing...
🔄 CAP DETECTION THREAD: Image shape: (2048, 2448)
🔄 CAP DETECTION THREAD: Saved temp image
🔄 CAP DETECTION THREAD: Step 1 - ตรวจจับฝา
📐 Resized image for detection: 2448x2048 -> 1280x1070 (scale: 0.523)
✅ M401 ON มาถึงแล้ว! (คิว: 2)
✅ RESET M600 = 0
🔄 write_register: กำลังเขียน D7009 = 0
✅ Modbus client พร้อมใช้งาน - กำลังส่งคำสั่ง
✅ Write D7009 = 0 สำเร็จ
✅ RESET D7009 = 0 (พร้อมรับค่าใหม่)
✅ RESET M100 = 0
✅ RESET M110 = 0
✅ RESET M120 = 0
✅ RESET M130 = 0
✅ RESET M140 = 0
✅ RESET M720 = 0
✅ RESET M721 = 0
✅ RESET M722 = 0
✅ RESET M730 = 0
✅ RESET M731 = 0
✅ RESET M732 = 0
✅ RESET M733 = 0
✅ RESET M734 = 0
✅ RESET M735 = 0
✅ RESET M740 = 00: 384x640 1 angle1, 1 type, 4769.1ms
Speed: 78.6ms preprocess, 4769.1ms inference, 153.5ms postprocess per image at shape (1, 3, 384, 640)

✅ RESET M741 = 0
✅ RESET M742 = 0
⏳ รอผลจากคิว (ยังประมวลผลไม่เสร็จ, คิว: 2) - ไม่ถ่ายภาพใหม่
🔍 Defect inspection (angle1): score=0.108 -> Good
🔄 BOTTLE DETECTION THREAD: Processing result type: <class 'dict'>
🔄 BOTTLE DETECTION THREAD: Processing result keys: ['detections', 'type_crops', 'angle1_crops', 'summary', 'original_image', 'defect_inspection']
🔍 BOTTLE DETECTION THREAD: YOLO detections: [{'bbox': (820, 0, 1298, 915), 'label': 'angle1', 'confidence': 0.9500112533569336, 'type': 'bottle'}, {'bbox': (934, 528, 1263, 684), 'label': 'type', 'confidence': 0.9033938646316528, 'type': 'bottle'}]
🔍 BOTTLE DETECTION THREAD: Summary: {'total_detections': 2, 'type_detections': 1, 'detected_labels': ['angle1', 'type'], 'has_type': True, 'angle1_detections': 1}
❌ BOTTLE DETECTION THREAD: 'angle3' not found in YOLO detections
🔄 BOTTLE DETECTION THREAD: Found 1 type crops
🔄 BOTTLE DETECTION THREAD: Processing crop 1
✅ OCR: Found 2 text regions
✅ OCR Text: น้ำเต้าหู้ สูตรน้ำตาล 2%
🔄 BOTTLE DETECTION THREAD: Crop 1 OCR results: 2
📝 BOTTLE DETECTION THREAD: Combined OCR Text: 'น้ำเต้าหู้ สูตรน้ำตาล 2%'
🏷️ BOTTLE DETECTION THREAD: Detected Bottle Type: M110
🔄 BOTTLE DETECTION THREAD: Emitting result...
✅ PROCESS COMPLETE: Processing finished
🔇 SILENT MODE: Storing result in queue (no UI display, no Modbus signals)
🔇 SILENT MODE: Bottle result stored, waiting for cap result...
✅ พบฝาทั้งหมด: 1 ฝา
   📍 ฝาที่ 1: ความเชื่อมั่น = 0.9538 (95.38%) | Class: bottle_cap | BBox: [1037, 607, 1227, 800]
🔄 CAP DETECTION THREAD: Step 2 - ตัดภาพ
🔄 CAP DETECTION THREAD: พบฝา 1 ฝา
🔄 CAP DETECTION THREAD: ตรวจสอบตำแหน่งฝา 1 ฝา
🔄 CAP DETECTION THREAD: ฝาที่ 1 - y_center: 703.5, ความเชื่อมั่น: 0.9538 (95.38%)
🔄 CAP DETECTION THREAD: เลือกฝาที่ 1 (y_center: 703.5, ความเชื่อมั่น: 0.9538 (95.38%)) เป็นฝาล่างสุด
✅ CAP DETECTION THREAD: เลือกฝาที่ 1 (ฝาล่างสุด) จาก 1 ฝา | ความเชื่อมั่น: 0.9538 (95.38%)
🔄 CAP DETECTION THREAD: ประมวลผลฝาที่ 1 (ฝาล่างสุด) (ความเชื่อมั่น: 95.38%)
🔄 CAP DETECTION THREAD: Step 2a - ปรับความคมชัดฝาที่ 1 ก่อน CRAFT
🔧 Enhancing cap image sharpness...
✅ Cap image sharpness enhanced
✅ CRAFT: Rotated image by 6.86 degrees
🔄 CAP DETECTION THREAD: Step 2a.5 - ตรวจสอบรอยจางในฝาที่ 1 (ก่อน CRAFT)
🔍 CAP DETECTION THREAD: ใช้ค่ากลางที่วิเคราะห์ได้ (brightness: 33) สำหรับการปรับภาพ
🔍 ENHANCE IMAGE: ใช้ค่ากลางที่วิเคราะห์ได้ - brightness=33, contrast=1.8
🔍 ใช้ Edges โดยตรงมาทำ Text Edges
🔍 AREA_THRESH = 0 — ปิดเกณฑ์จาง (ถือว่า normal)
Faded text detection - Components: 6, Area: 1725, Status: normal
🔄 CAP DETECTION THREAD: ตรวจสอบรอยจางฝาที่ 1 สำเร็จ - สถานะ: normal
📊 CAP DETECTION THREAD: total_area = 1725, num_chars = 6
🔄 CAP DETECTION THREAD: CRAFT หมุนฝาที่ 1 สำเร็จ
🔄 CACHE MISS: Processing new image (hash: 86fcfe4f...)
🚀 ROTATION RETRY: Starting parallel processing (5 rotations simultaneously)...
🚀 PARALLEL: CUDA available - GPU: Xavier
🚀 PARALLEL: Testing 5 rotations with 5 workers...
Split large region: 138x50 -> 2 parts (min_width=65, min_height=30)
Input tensor shape: torch.Size([1, 1, 64, 200])
Input tensor shape: torch.Size([1, 1, 64, 200])
Input tensor shape: torch.Size([1, 1, 64, 200])
Input tensor shape: torch.Size([1, 1, 64, 200])
Input tensor shape: torch.Size([1, 1, 64, 200])
Input tensor shape: torch.Size([1, 1, 64, 200])
Input tensor shape: torch.Size([1, 1, 64, 200])
Input tensor shape: torch.Size([1, 1, 64, 200])
❌ NO MFG: First line does not contain MFG/BBF: '26'
❌ NO MFG: First line does not contain MFG/BBF: '01'
Input tensor shape: torch.Size([1, 1, 64, 200])
Input tensor shape: torch.Size([1, 1, 64, 200])
❌ NO MFG: First line does not contain MFG/BBF: '9'❌ NO MFG: First line does not contain MFG/BBF: '0'

❌ PARALLEL: No valid results found
⚠️ CAP DETECTION THREAD: Rotation ฝาที่ 1 ไม่สำเร็จ
🔄 CAP DETECTION THREAD: ลบไฟล์ชั่วคราวแล้ว
🔄 CAP DETECTION THREAD: Emitting result...
✅ CAP PROCESS COMPLETE: Cap detection finished
🔇 SILENT MODE: Storing cap result in queue (no UI display, no Modbus signals)
🔇 SILENT MODE: ผลพร้อม — แสดงจากคิวทันที (ลดคิวเหลือ: 1)
📋 RESULT READY TO DISPLAY - Showing results from queue and sending Modbus signals
📋 DISPLAY: Displaying bottle results from queue
📋 DISPLAY FROM QUEUE: Displaying bottle result from queue
🔄 DISPLAY SINGLE RESULTS: Starting to display results
🔄 DISPLAY SINGLE RESULTS: Summary: {'total_detections': 2, 'type_detections': 1, 'detected_labels': ['angle1', 'type'], 'has_type': True, 'angle1_detections': 1}
🔄 DISPLAY SINGLE RESULTS: Detections: 2
✅ DISPLAY SINGLE RESULTS: Results text set
🔄 DISPLAY RESULT IMAGE: Image shape: (1080, 1920, 3)
🔄 DISPLAY RESULT IMAGE: Resized to 400x225
✅ DISPLAY RESULT IMAGE: Image displayed in label
🔄 DISPLAY CROPPED IMAGES: Starting to display 1 crops
✅ DISPLAY CROPPED IMAGES: Cleared existing crops
✅ DISPLAY CROPPED IMAGES: Displayed 1 cropped images
✅ DISPLAY FROM QUEUE: Bottle result displayed
🎯 DISPLAY: Bottle type detected: M110 (ขวดผ่าน, จากคิว)
🎯 BOTTLE TYPE DETECTED: M110 (OCR: 'น้ำเต้าหู้ สูตรน้ำตาล 2%') [from queue]
📋 DISPLAY: Displaying cap results from queue
📋 DISPLAY FROM QUEUE: Displaying cap result from queue
❌ DISPLAY FROM QUEUE ERROR: The truth value of an array with more than one element is ambiguous. Use a.any() or a.all()
Traceback (most recent call last):
  File "/home/nvidia/Desktop/final_boss/backupsdcard/final/gui/handlers/cap_handlers.py", line 740, in display_result_from_queue
    cap_img = result.get('image') or result.get('processed_image')
ValueError: The truth value of an array with more than one element is ambiguous. Use a.any() or a.all()
🔍 CAP VALIDATION: Validating cap result for M110
❌ CAP VALIDATION: No OCR results found
❌ DISPLAY: ฝาไม่ผ่านหรือขวดไม่ผ่าน - Writing D7009 = 50 (NG)
🔄 write_register: กำลังเขียน D7009 = 50
✅ Modbus client พร้อมใช้งาน - กำลังส่งคำสั่ง
✅ Write D7009 = 50 สำเร็จ
✅ ON M140: D7009 = 50 (ฝาไม่ผ่าน - ไม่ตรงกับฟอร์ม)
🏷️ D7009 = 50 (ฝาไม่ผ่านหรือขวดไม่ผ่าน)
✅ ON M600 = True
⏳ รอ M401 ON เพื่อ RESET M600, M100, M110, M120, M130, M140...
✅ HISTORY: Cap image found: True
✅ HISTORY: Faded status: normal, total_area: 1725, num_chars: 6
✅ HISTORY: Added entry - M110 at 2026-02-15 17:46:55
✅ DISPLAY: Results displayed and Modbus signals sent
📉 M301 RESET: ON → OFF
📋 M600 ยังไม่ reset - ถ่ายภาพและประมวลผลทันที (เก็บผลลัพธ์ไว้)
📋 เพิ่มคิวผลลัพธ์ (คิวปัจจุบัน: 2)
🔇 SILENT TRIGGER RECEIVED - Starting silent capture and processing
🔇 SILENT CAPTURE: Starting silent image capture and processing...
🔇 SILENT CAPTURE: Attempt 1/3
📸 Captured latest frame: (1080, 1920, 3)
✅ SILENT CAPTURE: Success on attempt 1
🔇 SILENT CAPTURE: Image shape: (1080, 1920, 3)
🔇 SILENT PROCESS: Starting silent processing...
🔇 SILENT PROCESS: Processing thread started
🔄 BOTTLE DETECTION THREAD: Starting processing...
🔄 BOTTLE DETECTION THREAD: Image shape: (1080, 1920, 3)
🔄 BOTTLE DETECTION THREAD: Saved temp image
🔄 BOTTLE DETECTION THREAD: Calling process_bottle_image_simple...
🔇 SILENT CAPTURE: Starting silent Sentech image capture and processing...

📸 Capturing latest frame with Harvesters...
🔄 Flushing old frames from buffer...
  Flushing buffer... (flushed 1 frames)
  Flushing buffer... (flushed 2 frames)
  Flushing buffer... (flushed 3 frames)
  Flushing buffer... (flushed 4 frames)
  Flushing buffer... (flushed 5 frames)
  ✅ Flushed 30 old frame(s) from buffer
  ⏳ Waiting for new frame...
📸 Fetching latest frame...
  Image data shape: (5013504,)
  Image dimensions: 2448x2048
  Data type: uint8
  Min value: 11, Max value: 255
✅ Captured latest frame: (2048, 2448)
🔇 SILENT CAPTURE: Image shape: (2048, 2448)
🔇 SILENT PROCESS: Starting silent cap processing...
🏷️ CAP AUTO CAPTURE: ส่ง bottle_type = M110 ไปยัง CapDetectionThread
🔇 SILENT PROCESS: Cap processing thread started🔄 CAP DETECTION THREAD: Starting processing...

🔄 CAP DETECTION THREAD: Image shape: (2048, 2448)
🔄 CAP DETECTION THREAD: Saved temp image
🔄 CAP DETECTION THREAD: Step 1 - ตรวจจับฝา
📐 Resized image for detection: 2448x2048 -> 1280x1070 (scale: 0.523)
0: 384x640 1 angle1, 1 type, 4547.4ms
Speed: 30.3ms preprocess, 4547.4ms inference, 3.0ms postprocess per image at shape (1, 3, 384, 640)
🔍 Defect inspection (angle1): score=0.1923 -> Good
🔄 BOTTLE DETECTION THREAD: Processing result type: <class 'dict'>
🔄 BOTTLE DETECTION THREAD: Processing result keys: ['detections', 'type_crops', 'angle1_crops', 'summary', 'original_image', 'defect_inspection']
🔍 BOTTLE DETECTION THREAD: YOLO detections: [{'bbox': (814, 0, 1290, 920), 'label': 'angle1', 'confidence': 0.9500831365585327, 'type': 'bottle'}, {'bbox': (926, 528, 1252, 684), 'label': 'type', 'confidence': 0.9079132080078125, 'type': 'bottle'}]
🔍 BOTTLE DETECTION THREAD: Summary: {'total_detections': 2, 'type_detections': 1, 'detected_labels': ['angle1', 'type'], 'has_type': True, 'angle1_detections': 1}
❌ BOTTLE DETECTION THREAD: 'angle3' not found in YOLO detections
🔄 BOTTLE DETECTION THREAD: Found 1 type crops
🔄 BOTTLE DETECTION THREAD: Processing crop 1
✅ OCR: Found 2 text regions
✅ OCR Text: น้ำเต้าหู้ สูตรน้ำตาล 2%
🔄 BOTTLE DETECTION THREAD: Crop 1 OCR results: 2
📝 BOTTLE DETECTION THREAD: Combined OCR Text: 'น้ำเต้าหู้ สูตรน้ำตาล 2%'
🏷️ BOTTLE DETECTION THREAD: Detected Bottle Type: M110
🔄 BOTTLE DETECTION THREAD: Emitting result...
✅ PROCESS COMPLETE: Processing finished
🔇 SILENT MODE: Storing result in queue (no UI display, no Modbus signals)
🔇 SILENT MODE: Bottle result stored, waiting for cap result...
✅ พบฝาทั้งหมด: 2 ฝา
   📍 ฝาที่ 1: ความเชื่อมั่น = 0.9528 (95.28%) | Class: bottle_cap | BBox: [1034, 606, 1224, 801]
   📍 ฝาที่ 2: ความเชื่อมั่น = 0.7639 (76.39%) | Class: bottle_cap | BBox: [1023, 1188, 1204, 1357]
🔄 CAP DETECTION THREAD: Step 2 - ตัดภาพ
🔄 CAP DETECTION THREAD: พบฝา 2 ฝา
🔄 CAP DETECTION THREAD: ตรวจสอบตำแหน่งฝา 2 ฝา
🔄 CAP DETECTION THREAD: ฝาที่ 1 - y_center: 703.5, ความเชื่อมั่น: 0.9528 (95.28%)
🔄 CAP DETECTION THREAD: ฝาที่ 2 - y_center: 1272.5, ความเชื่อมั่น: 0.7639 (76.39%)
🔄 CAP DETECTION THREAD: เลือกฝาที่ 2 (y_center: 1272.5, ความเชื่อมั่น: 0.7639 (76.39%)) เป็นฝาล่างสุด
✅ CAP DETECTION THREAD: เลือกฝาที่ 2 (ฝาล่างสุด) จาก 2 ฝา | ความเชื่อมั่น: 0.7639 (76.39%)
🔄 CAP DETECTION THREAD: ประมวลผลฝาที่ 2 (ฝาล่างสุด) (ความเชื่อมั่น: 76.39%)
🔄 CAP DETECTION THREAD: Step 2a - ปรับความคมชัดฝาที่ 2 ก่อน CRAFT
🔧 Enhancing cap image sharpness...
✅ Cap image sharpness enhanced
ℹ️ CRAFT: No rotation needed (angle: 0.00 degrees)
🔄 CAP DETECTION THREAD: Step 2a.5 - ตรวจสอบรอยจางในฝาที่ 2 (ก่อน CRAFT)
🔍 CAP DETECTION THREAD: ใช้ค่ากลางที่วิเคราะห์ได้ (brightness: 33) สำหรับการปรับภาพ
🔍 ENHANCE IMAGE: ใช้ค่ากลางที่วิเคราะห์ได้ - brightness=33, contrast=1.8
🔍 ใช้ Edges โดยตรงมาทำ Text Edges
🔍 AREA_THRESH = 0 — ปิดเกณฑ์จาง (ถือว่า normal)
Faded text detection - Components: 0, Area: 0, Status: normal
🔄 CAP DETECTION THREAD: ตรวจสอบรอยจางฝาที่ 2 สำเร็จ - สถานะ: normal
📊 CAP DETECTION THREAD: total_area = 0, num_chars = 0
🔄 CAP DETECTION THREAD: CRAFT หมุนฝาที่ 2 สำเร็จ
🔄 CACHE MISS: Processing new image (hash: cb76cbd8...)
🚀 ROTATION RETRY: Starting parallel processing (5 rotations simultaneously)...
🚀 PARALLEL: CUDA available - GPU: Xavier
🚀 PARALLEL: Testing 5 rotations with 5 workers...
❌ PARALLEL: No valid results found
⚠️ CAP DETECTION THREAD: Rotation ฝาที่ 2 ไม่สำเร็จ
🔄 CAP DETECTION THREAD: ลบไฟล์ชั่วคราวแล้ว
🔄 CAP DETECTION THREAD: Emitting result...
✅ CAP PROCESS COMPLETE: Cap detection finished
🔇 SILENT MODE: Storing cap result in queue (no UI display, no Modbus signals)
🔇 SILENT MODE: ผลพร้อม — แสดงจากคิวทันที (ลดคิวเหลือ: 1)
📋 RESULT READY TO DISPLAY - Showing results from queue and sending Modbus signals
📋 DISPLAY: Displaying bottle results from queue
📋 DISPLAY FROM QUEUE: Displaying bottle result from queue
🔄 DISPLAY SINGLE RESULTS: Starting to display results
🔄 DISPLAY SINGLE RESULTS: Summary: {'total_detections': 2, 'type_detections': 1, 'detected_labels': ['angle1', 'type'], 'has_type': True, 'angle1_detections': 1}
🔄 DISPLAY SINGLE RESULTS: Detections: 2
✅ DISPLAY SINGLE RESULTS: Results text set
🔄 DISPLAY RESULT IMAGE: Image shape: (1080, 1920, 3)
🔄 DISPLAY RESULT IMAGE: Resized to 400x225
✅ DISPLAY RESULT IMAGE: Image displayed in label
🔄 DISPLAY CROPPED IMAGES: Starting to display 1 crops
✅ DISPLAY CROPPED IMAGES: Cleared existing crops
✅ DISPLAY CROPPED IMAGES: Displayed 1 cropped images
✅ DISPLAY FROM QUEUE: Bottle result displayed
🎯 DISPLAY: Bottle type detected: M110 (ขวดผ่าน, จากคิว)
🎯 BOTTLE TYPE DETECTED: M110 (OCR: 'น้ำเต้าหู้ สูตรน้ำตาล 2%') [from queue]
📋 DISPLAY: Displaying cap results from queue
📋 DISPLAY FROM QUEUE: Displaying cap result from queue
❌ DISPLAY FROM QUEUE ERROR: The truth value of an array with more than one element is ambiguous. Use a.any() or a.all()
Traceback (most recent call last):
  File "/home/nvidia/Desktop/final_boss/backupsdcard/final/gui/handlers/cap_handlers.py", line 740, in display_result_from_queue
    cap_img = result.get('image') or result.get('processed_image')
ValueError: The truth value of an array with more than one element is ambiguous. Use a.any() or a.all()
🔍 CAP VALIDATION: Validating cap result for M110
❌ CAP VALIDATION: No OCR results found
❌ DISPLAY: ฝาไม่ผ่านหรือขวดไม่ผ่าน - Writing D7009 = 50 (NG)
🔄 write_register: กำลังเขียน D7009 = 50
✅ Modbus client พร้อมใช้งาน - กำลังส่งคำสั่ง
✅ Write D7009 = 50 สำเร็จ
✅ ON M140: D7009 = 50 (ฝาไม่ผ่าน - ไม่ตรงกับฟอร์ม)
🏷️ D7009 = 50 (ฝาไม่ผ่านหรือขวดไม่ผ่าน)
✅ ON M600 = True
⏳ รอ M401 ON เพื่อ RESET M600, M100, M110, M120, M130, M140...
✅ HISTORY: Cap image found: True
✅ HISTORY: Faded status: normal, total_area: 0, num_chars: 0
✅ HISTORY: Added entry - M110 at 2026-02-15 17:47:15
✅ DISPLAY: Results displayed and Modbus signals sent
✅ ผู้ใช้กด OK - เริ่มทำงานตามคิวที่ค้างไว้ (D6007 = 400)
🔄 กำลัง ON M450
✅ Modbus thread พร้อมใช้งาน - เรียกใช้ on_m450()
✅ ON M450 = True
✅ ON M450 สำเร็จ - จะ reset ตัวเองหลังจาก 5 วินาที
✅ ON M450 = False
✅ M401 ON มาถึงแล้ว! (คิว: 1)
✅ RESET M600 = 0
🔄 write_register: กำลังเขียน D7009 = 0
✅ Modbus client พร้อมใช้งาน - กำลังส่งคำสั่ง
✅ Write D7009 = 0 สำเร็จ
✅ RESET D7009 = 0 (พร้อมรับค่าใหม่)
✅ RESET M100 = 0
✅ RESET M110 = 0
✅ RESET M120 = 0
✅ RESET M130 = 0
✅ RESET M140 = 0
✅ RESET M720 = 0
✅ RESET M721 = 0
✅ RESET M722 = 0
✅ RESET M730 = 0
✅ RESET M731 = 0
✅ RESET M732 = 0
✅ RESET M733 = 0
✅ RESET M734 = 0
✅ RESET M735 = 0
✅ RESET M740 = 0
✅ RESET M741 = 0
✅ RESET M742 = 0
⏳ รอผลจากคิว (ยังประมวลผลไม่เสร็จ, คิว: 1) - ไม่ถ่ายภาพใหม่
📉 M301 RESET: ON → OFF
🚀 M600 พร้อม - เริ่มถ่ายภาพทันที
🎯 MODBUS TRIGGER RECEIVED - Starting capture sequence (worker thread)
📸 CAPTURE BOTH: กำลังถ่ายภาพจาก USB...
📸 CAPTURE BOTH USB: Attempt 1/3
📸 Captured latest frame: (1080, 1920, 3)
✅ CAPTURE BOTH USB: Success on attempt 1
📸 CAPTURE BOTH: กำลังถ่ายภาพจาก Sentech...
📸 Capturing latest frame with Harvesters...
🔄 Flushing old frames from buffer...
  Flushing buffer... (flushed 1 frames)
  Flushing buffer... (flushed 2 frames)
  Flushing buffer... (flushed 3 frames)
  Flushing buffer... (flushed 4 frames)
  Flushing buffer... (flushed 5 frames)
  ✅ Flushed 33 old frame(s) from buffer
  ⏳ Waiting for new frame...
📸 Fetching latest frame...
  Image data shape: (5013504,)
  Image dimensions: 2448x2048
  Data type: uint8
  Min value: 11, Max value: 255
✅ Captured latest frame: (2048, 2448)
📸 CAPTURE BOTH Sentech: Result = True
✅ CAPTURE BOTH: USB image captured and displayed
🔍 Display image shape: (2048, 2448), dtype: uint8
🔍 Display image min: 11, max: 255
✅ Image displayed successfully: (2048, 2448, 3) -> scaled to 650x544 (full image visible)
✅ CAPTURE BOTH: เปิดใช้งานปุ่มประมวลผลฝา (มีภาพจาก Sentech)
✅ CAPTURE BOTH: Sentech image captured and displayed
🔄 PROCESS: Starting processing for image shape: (1080, 1920, 3)
🔄 PROCESS: Creating BottleDetectionThread...
🔄 PROCESS: Starting processing thread...
🔄 PROCESS: Using selected tastes: ['M110']
🔄 BOTTLE DETECTION THREAD: Starting processing...
🔄 BOTTLE DETECTION THREAD: Image shape: (1080, 1920, 3)
🔄 BOTTLE DETECTION THREAD: Saved temp image
🔄 BOTTLE DETECTION THREAD: Calling process_bottle_image_simple...

0: 384x640 1 angle1, 1 type, 4049.0ms
Speed: 64.5ms preprocess, 4049.0ms inference, 3.2ms postprocess per image at shape (1, 3, 384, 640)
🔍 Defect inspection (angle1): score=0.1653 -> Good
🔄 BOTTLE DETECTION THREAD: Processing result type: <class 'dict'>
🔄 BOTTLE DETECTION THREAD: Processing result keys: ['detections', 'type_crops', 'angle1_crops', 'summary', 'original_image', 'defect_inspection']
🔍 BOTTLE DETECTION THREAD: YOLO detections: [{'bbox': (830, 0, 1305, 920), 'label': 'angle1', 'confidence': 0.9479470252990723, 'type': 'bottle'}, {'bbox': (951, 528, 1276, 682), 'label': 'type', 'confidence': 0.9029284715652466, 'type': 'bottle'}]
🔍 BOTTLE DETECTION THREAD: Summary: {'total_detections': 2, 'type_detections': 1, 'detected_labels': ['angle1', 'type'], 'has_type': True, 'angle1_detections': 1}
❌ BOTTLE DETECTION THREAD: 'angle3' not found in YOLO detections
🔄 BOTTLE DETECTION THREAD: Found 1 type crops
🔄 BOTTLE DETECTION THREAD: Processing crop 1
✅ OCR: Found 2 text regions
✅ OCR Text: น้ำเต้าหู้ สูตรน้ำตาล 2%
🔄 BOTTLE DETECTION THREAD: Crop 1 OCR results: 2
📝 BOTTLE DETECTION THREAD: Combined OCR Text: 'น้ำเต้าหู้ สูตรน้ำตาล 2%'
🏷️ BOTTLE DETECTION THREAD: Detected Bottle Type: M110
🔄 BOTTLE DETECTION THREAD: Emitting result...
✅ PROCESS COMPLETE: Processing finished
✅ PROCESS COMPLETE: No error in result
✅ PROCESS COMPLETE: Result keys: ['detections', 'type_crops', 'angle1_crops', 'summary', 'original_image', 'defect_inspection', 'image', 'image_shape', 'combined_ocr_text', 'bottle_type']
🔄 PROCESS COMPLETE: Displaying results in text area...
🔄 DISPLAY SINGLE RESULTS: Starting to display results
🔄 DISPLAY SINGLE RESULTS: Summary: {'total_detections': 2, 'type_detections': 1, 'detected_labels': ['angle1', 'type'], 'has_type': True, 'angle1_detections': 1}
🔄 DISPLAY SINGLE RESULTS: Detections: 2
✅ DISPLAY SINGLE RESULTS: Results text set
✅ PROCESS COMPLETE: Results displayed in text area
🔄 PROCESS COMPLETE: Drawing 2 detections on image...
🔄 DISPLAY RESULT IMAGE: Image shape: (1080, 1920, 3)
🔄 DISPLAY RESULT IMAGE: Resized to 400x225
✅ DISPLAY RESULT IMAGE: Image displayed in label
✅ PROCESS COMPLETE: Result image displayed
🔄 PROCESS COMPLETE: Displaying 1 cropped images...
🔄 DISPLAY CROPPED IMAGES: Starting to display 1 crops
✅ DISPLAY CROPPED IMAGES: Cleared existing crops
✅ DISPLAY CROPPED IMAGES: Displayed 1 cropped images
✅ PROCESS COMPLETE: Cropped images displayed
🎯 PROCESS COMPLETE: Bottle type detected: M110
📝 PROCESS COMPLETE: OCR text: 'น้ำเต้าหู้ สูตรน้ำตาล 2%'
🎯 BOTTLE TYPE DETECTED: M110 (OCR: 'น้ำเต้าหู้ สูตรน้ำตาล 2%')
⏳ ตรวจพบ: M110 - รอผลลัพธ์ฝาก่อน ON Modbus...
🔄 AUTO CAP PROCESS: เริ่มประมวลผลฝา...
✅ CAP PROCESSING UI: Displayed processing state for cap detection
🔍 AUTO CAP PROCESS: Calling process_cap_detection()...
🔄 CAP PROCESS: Starting cap detection for image shape: (2048, 2448) (from Sentech camera)
🔍 CAP PROCESS: ใช้ค่ากลางที่วิเคราะห์ได้ (brightness: 33) สำหรับการปรับภาพ
✅ CAP PROCESSING UI: Displayed processing state for cap detection
🔄 CAP PROCESS: Starting cap detection thread...
🔍 AUTO CAP PROCESS: process_cap_detection() completed
🔄 CAP DETECTION THREAD: Starting processing...
🔄 CAP DETECTION THREAD: Image shape: (2048, 2448)
🔍 AUTO CAP PROCESS: Cap processing started (ผลจะแสดงเมื่อประมวลผลฝาเสร็จ)
🔄 CAP DETECTION THREAD: Saved temp image
🔄 CAP DETECTION THREAD: Step 1 - ตรวจจับฝา
📐 Resized image for detection: 2448x2048 -> 1280x1070 (scale: 0.523)
✅ พบฝาทั้งหมด: 1 ฝา
   📍 ฝาที่ 1: ความเชื่อมั่น = 0.9581 (95.81%) | Class: bottle_cap | BBox: [1040, 606, 1230, 803]
🔄 CAP DETECTION THREAD: Step 2 - ตัดภาพ
🔄 CAP DETECTION THREAD: พบฝา 1 ฝา
🔄 CAP DETECTION THREAD: ตรวจสอบตำแหน่งฝา 1 ฝา
🔄 CAP DETECTION THREAD: ฝาที่ 1 - y_center: 704.5, ความเชื่อมั่น: 0.9581 (95.81%)
🔄 CAP DETECTION THREAD: เลือกฝาที่ 1 (y_center: 704.5, ความเชื่อมั่น: 0.9581 (95.81%)) เป็นฝาล่างสุด
✅ CAP DETECTION THREAD: เลือกฝาที่ 1 (ฝาล่างสุด) จาก 1 ฝา | ความเชื่อมั่น: 0.9581 (95.81%)
🔄 CAP DETECTION THREAD: ประมวลผลฝาที่ 1 (ฝาล่างสุด) (ความเชื่อมั่น: 95.81%)
🔄 CAP DETECTION THREAD: Step 2a - ปรับความคมชัดฝาที่ 1 ก่อน CRAFT
🔧 Enhancing cap image sharpness...
✅ Cap image sharpness enhanced
✅ CRAFT: Rotated image by 9.88 degrees
🔄 CAP DETECTION THREAD: Step 2a.5 - ตรวจสอบรอยจางในฝาที่ 1 (ก่อน CRAFT)
🔍 CAP DETECTION THREAD: ใช้ค่ากลางที่วิเคราะห์ได้ (brightness: 33) สำหรับการปรับภาพ
🔍 ENHANCE IMAGE: ใช้ค่ากลางที่วิเคราะห์ได้ - brightness=33, contrast=1.8
🔍 ใช้ Edges โดยตรงมาทำ Text Edges
🔍 AREA_THRESH = 0 — ปิดเกณฑ์จาง (ถือว่า normal)
Faded text detection - Components: 6, Area: 1849, Status: normal
🔄 CAP DETECTION THREAD: ตรวจสอบรอยจางฝาที่ 1 สำเร็จ - สถานะ: normal
📊 CAP DETECTION THREAD: total_area = 1849, num_chars = 6
🔄 CAP DETECTION THREAD: CRAFT หมุนฝาที่ 1 สำเร็จ
🔄 CACHE MISS: Processing new image (hash: cd2a78af...)
🚀 ROTATION RETRY: Starting parallel processing (5 rotations simultaneously)...
🚀 PARALLEL: CUDA available - GPU: Xavier
🚀 PARALLEL: Testing 5 rotations with 5 workers...
Split large region: 133x35 -> 2 parts (min_width=65, min_height=30)
Split large region: 131x31 -> 2 parts (min_width=65, min_height=30)
Input tensor shape: torch.Size([1, 1, 64, 200])
Input tensor shape: torch.Size([1, 1, 64, 200])
Input tensor shape: torch.Size([1, 1, 64, 200])
Input tensor shape: torch.Size([1, 1, 64, 200])
Input tensor shape: torch.Size([1, 1, 64, 200])
Input tensor shape: torch.Size([1, 1, 64, 200])
❌ NO MFG: First line does not contain MFG/BBF: '01'
Input tensor shape: torch.Size([1, 1, 64, 200])
Input tensor shape: torch.Size([1, 1, 64, 200])
❌ NO MFG: First line does not contain MFG/BBF: '21/06/26'
❌ NO MFG: First line does not contain MFG/BBF: '2::40900'
❌ PARALLEL: No valid results found
⚠️ CAP DETECTION THREAD: Rotation ฝาที่ 1 ไม่สำเร็จ
🔄 CAP DETECTION THREAD: ลบไฟล์ชั่วคราวแล้ว
🔄 CAP DETECTION THREAD: Emitting result...
✅ CAP PROCESS COMPLETE: Cap detection finished
✅ CAP PROCESS COMPLETE: No error in result
✅ CAP PROCESS COMPLETE: Result keys: ['cap_result', 'processed_image', 'cropped_images', 'image', 'image_shape', 'cap_processing_results']
ℹ️ CAP PROCESS COMPLETE: Skipping early validation - will validate after processing is complete
🔍 DEBUG: display_cap_detection_results called with result type: <class 'dict'>
🔍 DEBUG: Found 2 cap processing results
🔍 DEBUG: Cap 1 result keys: ['cap_index', 'original_crop', 'craft_result', 'faded_text_result', 'craft_rotated_image']
🔍 DEBUG: Cap 1 has line_detection_result: False
🔍 DEBUG: Cap 1 has ocr_results: False
🔍 DEBUG: Cap 2 result keys: ['cap_index', 'original_crop', 'craft_result', 'faded_text_result', 'craft_rotated_image']
🔍 DEBUG: Cap 2 has line_detection_result: False
🔍 DEBUG: Cap 2 has ocr_results: False
✅ CAP PROCESSING COMPLETE UI: Displayed complete state for cap detection
🔍 CAP PROCESS COMPLETE: Bottle type is M110 - Validating cap result...
🔍 CAP PROCESS COMPLETE: Result keys: ['cap_result', 'processed_image', 'cropped_images', 'image', 'image_shape', 'cap_processing_results']
🔍 CAP VALIDATION: Validating cap result for M110
❌ CAP VALIDATION: No OCR results found
🔍 CAP PROCESS COMPLETE: Validation result: False
❌ CAP VALIDATION FAILED: Cap result is invalid for M110 - Sending M140 instead
🔄 write_register: กำลังเขียน D7009 = 50
✅ Modbus client พร้อมใช้งาน - กำลังส่งคำสั่ง
✅ Write D7009 = 50 สำเร็จ
✅ ON M140: D7009 = 50 (ฝาไม่ผ่าน - ไม่ตรงกับฟอร์ม)
❌ ON M140 (ฝาไม่ผ่าน - ไม่ตรงกับฟอร์ม)
⏳ ON M600 และรอ D6004=200 เพื่อ reset ทั้งหมด...
✅ ON M600 = True
⏳ รอ M401 ON เพื่อ RESET M600, M100, M110, M120, M130, M140...
✅ M140 ON SUCCESS: M140 + M600
📋 CAP PROCESS COMPLETE: Adding to history with cap result
✅ HISTORY: Cap image found: True
✅ HISTORY: Faded status: normal, total_area: 1849, num_chars: 6
✅ HISTORY: Added entry - M110 at 2026-02-15 17:48:56
📉 M301 RESET: ON → OFF
✅ M401 ON มาถึงแล้ว! (คิว: 1)
✅ RESET M600 = 0
🔄 write_register: กำลังเขียน D7009 = 0
✅ Modbus client พร้อมใช้งาน - กำลังส่งคำสั่ง
✅ Write D7009 = 0 สำเร็จ
✅ RESET D7009 = 0 (พร้อมรับค่าใหม่)
✅ RESET M100 = 0
✅ RESET M110 = 0
✅ RESET M120 = 0
✅ RESET M130 = 0
✅ RESET M140 = 0
✅ RESET M720 = 0
✅ RESET M721 = 0
✅ RESET M722 = 0
✅ RESET M730 = 0
✅ RESET M731 = 0
✅ RESET M732 = 0
✅ RESET M733 = 0
✅ RESET M734 = 0
✅ RESET M735 = 0
✅ RESET M740 = 0
✅ RESET M741 = 0
✅ RESET M742 = 0
⏳ รอผลจากคิว (ยังประมวลผลไม่เสร็จ, คิว: 1) - ไม่ถ่ายภาพใหม่
🖥️ Exited fullscreen mode
✅ ON M700 = False
✅ ON M701 = True
✅ STOP: M701 ON - ระบบหยุดทำงาน (รอ 1.5 วินาที)
🔄 write_register: กำลังเขียน D7009 = 0
✅ Modbus client พร้อมใช้งาน - กำลังส่งคำสั่ง
✅ Write D7009 = 0 สำเร็จ
✅ STOP: Reset D7009 = 0 (ล้างผลตรวจ)
❌ M511 OFF: หยุดการทำงาน
✅ ON M700 = False
✅ RESET M700 = 0 (จาก M513)
✅ ON M701 = False
✅ RESET M701 = 0 (จาก M513)
🔄 M513: ส่งสัญญาณให้ GUI reset ทั้งหมด
🛑 M513 STOP: รับสัญญาณหยุดจาก M513 - เริ่ม reset ทั้งหมด
🔄 Resetting system to initial state...
🔄 Resetting Modbus state...
✅ ON M100 = False
✅ ON M110 = False
✅ ON M120 = False
✅ ON M130 = False
✅ ON M750 = False
✅ ON M850 = False
✅ ON M140 = False
✅ ON M600 = False
✅ RESET M600 = 0 (พร้อมรับงานใหม่)
✅ ON M700 = False
✅ ON M701 = False
✅ ON M503 = False
✅ ON M505 = False
✅ ON M720 = False
✅ ON M721 = False
✅ ON M722 = False
✅ ON M730 = False
✅ ON M731 = False
✅ ON M732 = False
✅ ON M733 = False
✅ ON M734 = False
✅ ON M735 = False
✅ ON M740 = False
✅ ON M741 = False
✅ ON M742 = False
🔄 Resetting queue count...
✅ Queue count and monitoring reset to 0
✅ Stopped D6006 monitoring
✅ Reset D6007 tracking
✅ Modbus state reset completed
🔄 Resetting UI elements...
✅ UI elements reset completed
🔄 Clearing current data...
✅ Current data cleared
🔄 Resetting progress bars...
✅ Progress bars reset
🔄 Resetting camera states...
✅ Camera states reset
🔄 Resetting lamp status...
✅ Lamp status reset completed
✅ System reset to initial state completed
✅ M513 STOP: Reset ระบบเสร็จสิ้น
🔄 CLOSE EVENT: Stopping status timer...
🛑 ปิดกล้อง USB แล้ว
🛑 Stopped Harvesters acquisition
🧹 Destroyed image acquirer
🧹 Reset Harvester
✅ SENTECH camera cleaned up with Harvesters
❌ Modbus client ไม่พร้อมใช้งาน
❌ ไม่สามารถ RESET M701 ได้
🔄 Resetting system to initial state...
🔄 Resetting Modbus state...
❌ Modbus client ไม่พร้อมใช้งาน
❌ Modbus client ไม่พร้อมใช้งาน
❌ Modbus client ไม่พร้อมใช้งาน
❌ Modbus client ไม่พร้อมใช้งาน
❌ Modbus client ไม่พร้อมใช้งาน
❌ Modbus client ไม่พร้อมใช้งาน
❌ Modbus client ไม่พร้อมใช้งาน
❌ Modbus client ไม่พร้อมใช้งาน
❌ Modbus client ไม่พร้อมใช้งาน
❌ Modbus client ไม่พร้อมใช้งาน
❌ Modbus client ไม่พร้อมใช้งาน
❌ Modbus client ไม่พร้อมใช้งาน
❌ Modbus client ไม่พร้อมใช้งาน
❌ Modbus client ไม่พร้อมใช้งาน
❌ Modbus client ไม่พร้อมใช้งาน
❌ Modbus client ไม่พร้อมใช้งาน
❌ Modbus client ไม่พร้อมใช้งาน
❌ Modbus client ไม่พร้อมใช้งาน
❌ Modbus client ไม่พร้อมใช้งาน
❌ Modbus client ไม่พร้อมใช้งาน
❌ Modbus client ไม่พร้อมใช้งาน
❌ Modbus client ไม่พร้อมใช้งาน
❌ Modbus client ไม่พร้อมใช้งาน
❌ Modbus client ไม่พร้อมใช้งาน
🔄 Resetting queue count...
✅ Queue count and monitoring reset to 0
✅ Stopped D6006 monitoring
✅ Reset D6007 tracking
✅ Modbus state reset completed
🔄 Resetting UI elements...
✅ UI elements reset completed
🔄 Clearing current data...
✅ Current data cleared
🔄 Resetting progress bars...
✅ Progress bars reset
🔄 Resetting camera states...
✅ Camera states reset
🔄 Resetting lamp status...
✅ Lamp status reset completed
✅ System reset to initial state completed
Error in atexit._run_exitfuncs:
Traceback (most recent call last):
  File "/usr/lib/python3.8/logging/__init__.py", line 2127, in shutdown
    h.close()
  File "/home/nvidia/.local/lib/python3.8/site-packages/absl/logging/__init__.py", line 1013, in close
    self.stream.close()
AttributeError: 'DebugStream' object has no attribute 'close'
